PRAGMA foreign_keys=OFF;
BEGIN TRANSACTION;
CREATE TABLE `strapi_migrations` (`id` integer not null primary key autoincrement, `name` varchar(255), `time` datetime);
CREATE TABLE `strapi_database_schema` (`id` integer not null primary key autoincrement, `schema` json, `time` datetime, `hash` varchar(255));
INSERT INTO strapi_database_schema VALUES(1,'{"tables":[{"name":"strapi_core_store_settings","indexes":[],"foreignKeys":[],"columns":[{"name":"id","type":"increments","args":[{"primary":true}],"defaultTo":null,"notNullable":true,"unsigned":false},{"name":"key","type":"string","args":[],"defaultTo":null,"notNullable":false,"unsigned":false},{"name":"value","type":"text","args":["longtext"],"defaultTo":null,"notNullable":false,"unsigned":false},{"name":"type","type":"string","args":[],"defaultTo":null,"notNullable":false,"unsigned":false},{"name":"environment","type":"string","args":[],"defaultTo":null,"notNullable":false,"unsigned":false},{"name":"tag","type":"string","args":[],"defaultTo":null,"notNullable":false,"unsigned":false}]},{"name":"strapi_webhooks","indexes":[],"foreignKeys":[],"columns":[{"name":"id","type":"increments","args":[{"primary":true}],"defaultTo":null,"notNullable":true,"unsigned":false},{"name":"name","type":"string","args":[],"defaultTo":null,"notNullable":false,"unsigned":false},{"name":"url","type":"text","args":["longtext"],"defaultTo":null,"notNullable":false,"unsigned":false},{"name":"headers","type":"jsonb","args":[],"defaultTo":null,"notNullable":false,"unsigned":false},{"name":"events","type":"jsonb","args":[],"defaultTo":null,"notNullable":false,"unsigned":false},{"name":"enabled","type":"boolean","args":[],"defaultTo":null,"notNullable":false,"unsigned":false}]},{"name":"admin_permissions","indexes":[{"name":"admin_permissions_created_by_id_fk","columns":["created_by_id"]},{"name":"admin_permissions_updated_by_id_fk","columns":["updated_by_id"]}],"foreignKeys":[{"name":"admin_permissions_created_by_id_fk","columns":["created_by_id"],"referencedTable":"admin_users","referencedColumns":["id"],"onDelete":"SET NULL"},{"name":"admin_permissions_updated_by_id_fk","columns":["updated_by_id"],"referencedTable":"admin_users","referencedColumns":["id"],"onDelete":"SET NULL"}],"columns":[{"name":"id","type":"increments","args":[{"primary":true}],"defaultTo":null,"notNullable":true,"unsigned":false},{"name":"action","type":"string","args":[],"defaultTo":null,"notNullable":false,"unsigned":false},{"name":"subject","type":"string","args":[],"defaultTo":null,"notNullable":false,"unsigned":false},{"name":"properties","type":"jsonb","args":[],"defaultTo":null,"notNullable":false,"unsigned":false},{"name":"conditions","type":"jsonb","args":[],"defaultTo":null,"notNullable":false,"unsigned":false},{"name":"created_at","type":"datetime","args":[{"useTz":false,"precision":6}],"defaultTo":null,"notNullable":false,"unsigned":false},{"name":"updated_at","type":"datetime","args":[{"useTz":false,"precision":6}],"defaultTo":null,"notNullable":false,"unsigned":false},{"name":"created_by_id","type":"integer","args":[],"defaultTo":null,"notNullable":false,"unsigned":true},{"name":"updated_by_id","type":"integer","args":[],"defaultTo":null,"notNullable":false,"unsigned":true}]},{"name":"admin_users","indexes":[{"name":"admin_users_created_by_id_fk","columns":["created_by_id"]},{"name":"admin_users_updated_by_id_fk","columns":["updated_by_id"]}],"foreignKeys":[{"name":"admin_users_created_by_id_fk","columns":["created_by_id"],"referencedTable":"admin_users","referencedColumns":["id"],"onDelete":"SET NULL"},{"name":"admin_users_updated_by_id_fk","columns":["updated_by_id"],"referencedTable":"admin_users","referencedColumns":["id"],"onDelete":"SET NULL"}],"columns":[{"name":"id","type":"increments","args":[{"primary":true}],"defaultTo":null,"notNullable":true,"unsigned":false},{"name":"firstname","type":"string","args":[],"defaultTo":null,"notNullable":false,"unsigned":false},{"name":"lastname","type":"string","args":[],"defaultTo":null,"notNullable":false,"unsigned":false},{"name":"username","type":"string","args":[],"defaultTo":null,"notNullable":false,"unsigned":false},{"name":"email","type":"string","args":[],"defaultTo":null,"notNullable":false,"unsigned":false},{"name":"password","type":"string","args":[],"defaultTo":null,"notNullable":false,"unsigned":false},{"name":"reset_password_token","type":"string","args":[],"defaultTo":null,"notNullable":false,"unsigned":false},{"name":"registration_token","type":"string","args":[],"defaultTo":null,"notNullable":false,"unsigned":false},{"name":"is_active","type":"boolean","args":[],"defaultTo":null,"notNullable":false,"unsigned":false},{"name":"blocked","type":"boolean","args":[],"defaultTo":null,"notNullable":false,"unsigned":false},{"name":"prefered_language","type":"string","args":[],"defaultTo":null,"notNullable":false,"unsigned":false},{"name":"created_at","type":"datetime","args":[{"useTz":false,"precision":6}],"defaultTo":null,"notNullable":false,"unsigned":false},{"name":"updated_at","type":"datetime","args":[{"useTz":false,"precision":6}],"defaultTo":null,"notNullable":false,"unsigned":false},{"name":"created_by_id","type":"integer","args":[],"defaultTo":null,"notNullable":false,"unsigned":true},{"name":"updated_by_id","type":"integer","args":[],"defaultTo":null,"notNullable":false,"unsigned":true}]},{"name":"admin_roles","indexes":[{"name":"admin_roles_created_by_id_fk","columns":["created_by_id"]},{"name":"admin_roles_updated_by_id_fk","columns":["updated_by_id"]}],"foreignKeys":[{"name":"admin_roles_created_by_id_fk","columns":["created_by_id"],"referencedTable":"admin_users","referencedColumns":["id"],"onDelete":"SET NULL"},{"name":"admin_roles_updated_by_id_fk","columns":["updated_by_id"],"referencedTable":"admin_users","referencedColumns":["id"],"onDelete":"SET NULL"}],"columns":[{"name":"id","type":"increments","args":[{"primary":true}],"defaultTo":null,"notNullable":true,"unsigned":false},{"name":"name","type":"string","args":[],"defaultTo":null,"notNullable":false,"unsigned":false},{"name":"code","type":"string","args":[],"defaultTo":null,"notNullable":false,"unsigned":false},{"name":"description","type":"string","args":[],"defaultTo":null,"notNullable":false,"unsigned":false},{"name":"created_at","type":"datetime","args":[{"useTz":false,"precision":6}],"defaultTo":null,"notNullable":false,"unsigned":false},{"name":"updated_at","type":"datetime","args":[{"useTz":false,"precision":6}],"defaultTo":null,"notNullable":false,"unsigned":false},{"name":"created_by_id","type":"integer","args":[],"defaultTo":null,"notNullable":false,"unsigned":true},{"name":"updated_by_id","type":"integer","args":[],"defaultTo":null,"notNullable":false,"unsigned":true}]},{"name":"strapi_api_tokens","indexes":[{"name":"strapi_api_tokens_created_by_id_fk","columns":["created_by_id"]},{"name":"strapi_api_tokens_updated_by_id_fk","columns":["updated_by_id"]}],"foreignKeys":[{"name":"strapi_api_tokens_created_by_id_fk","columns":["created_by_id"],"referencedTable":"admin_users","referencedColumns":["id"],"onDelete":"SET NULL"},{"name":"strapi_api_tokens_updated_by_id_fk","columns":["updated_by_id"],"referencedTable":"admin_users","referencedColumns":["id"],"onDelete":"SET NULL"}],"columns":[{"name":"id","type":"increments","args":[{"primary":true}],"defaultTo":null,"notNullable":true,"unsigned":false},{"name":"name","type":"string","args":[],"defaultTo":null,"notNullable":false,"unsigned":false},{"name":"description","type":"string","args":[],"defaultTo":null,"notNullable":false,"unsigned":false},{"name":"type","type":"string","args":[],"defaultTo":null,"notNullable":false,"unsigned":false},{"name":"access_key","type":"string","args":[],"defaultTo":null,"notNullable":false,"unsigned":false},{"name":"created_at","type":"datetime","args":[{"useTz":false,"precision":6}],"defaultTo":null,"notNullable":false,"unsigned":false},{"name":"updated_at","type":"datetime","args":[{"useTz":false,"precision":6}],"defaultTo":null,"notNullable":false,"unsigned":false},{"name":"created_by_id","type":"integer","args":[],"defaultTo":null,"notNullable":false,"unsigned":true},{"name":"updated_by_id","type":"integer","args":[],"defaultTo":null,"notNullable":false,"unsigned":true}]},{"name":"files","indexes":[{"name":"files_created_by_id_fk","columns":["created_by_id"]},{"name":"files_updated_by_id_fk","columns":["updated_by_id"]}],"foreignKeys":[{"name":"files_created_by_id_fk","columns":["created_by_id"],"referencedTable":"admin_users","referencedColumns":["id"],"onDelete":"SET NULL"},{"name":"files_updated_by_id_fk","columns":["updated_by_id"],"referencedTable":"admin_users","referencedColumns":["id"],"onDelete":"SET NULL"}],"columns":[{"name":"id","type":"increments","args":[{"primary":true}],"defaultTo":null,"notNullable":true,"unsigned":false},{"name":"name","type":"string","args":[],"defaultTo":null,"notNullable":false,"unsigned":false},{"name":"alternative_text","type":"string","args":[],"defaultTo":null,"notNullable":false,"unsigned":false},{"name":"caption","type":"string","args":[],"defaultTo":null,"notNullable":false,"unsigned":false},{"name":"width","type":"integer","args":[],"defaultTo":null,"notNullable":false,"unsigned":false},{"name":"height","type":"integer","args":[],"defaultTo":null,"notNullable":false,"unsigned":false},{"name":"formats","type":"jsonb","args":[],"defaultTo":null,"notNullable":false,"unsigned":false},{"name":"hash","type":"string","args":[],"defaultTo":null,"notNullable":false,"unsigned":false},{"name":"ext","type":"string","args":[],"defaultTo":null,"notNullable":false,"unsigned":false},{"name":"mime","type":"string","args":[],"defaultTo":null,"notNullable":false,"unsigned":false},{"name":"size","type":"decimal","args":[10,2],"defaultTo":null,"notNullable":false,"unsigned":false},{"name":"url","type":"string","args":[],"defaultTo":null,"notNullable":false,"unsigned":false},{"name":"preview_url","type":"string","args":[],"defaultTo":null,"notNullable":false,"unsigned":false},{"name":"provider","type":"string","args":[],"defaultTo":null,"notNullable":false,"unsigned":false},{"name":"provider_metadata","type":"jsonb","args":[],"defaultTo":null,"notNullable":false,"unsigned":false},{"name":"created_at","type":"datetime","args":[{"useTz":false,"precision":6}],"defaultTo":null,"notNullable":false,"unsigned":false},{"name":"updated_at","type":"datetime","args":[{"useTz":false,"precision":6}],"defaultTo":null,"notNullable":false,"unsigned":false},{"name":"created_by_id","type":"integer","args":[],"defaultTo":null,"notNullable":false,"unsigned":true},{"name":"updated_by_id","type":"integer","args":[],"defaultTo":null,"notNullable":false,"unsigned":true}]},{"name":"i18n_locale","indexes":[{"name":"i18n_locale_created_by_id_fk","columns":["created_by_id"]},{"name":"i18n_locale_updated_by_id_fk","columns":["updated_by_id"]}],"foreignKeys":[{"name":"i18n_locale_created_by_id_fk","columns":["created_by_id"],"referencedTable":"admin_users","referencedColumns":["id"],"onDelete":"SET NULL"},{"name":"i18n_locale_updated_by_id_fk","columns":["updated_by_id"],"referencedTable":"admin_users","referencedColumns":["id"],"onDelete":"SET NULL"}],"columns":[{"name":"id","type":"increments","args":[{"primary":true}],"defaultTo":null,"notNullable":true,"unsigned":false},{"name":"name","type":"string","args":[],"defaultTo":null,"notNullable":false,"unsigned":false},{"name":"code","type":"string","args":[],"defaultTo":null,"notNullable":false,"unsigned":false},{"name":"created_at","type":"datetime","args":[{"useTz":false,"precision":6}],"defaultTo":null,"notNullable":false,"unsigned":false},{"name":"updated_at","type":"datetime","args":[{"useTz":false,"precision":6}],"defaultTo":null,"notNullable":false,"unsigned":false},{"name":"created_by_id","type":"integer","args":[],"defaultTo":null,"notNullable":false,"unsigned":true},{"name":"updated_by_id","type":"integer","args":[],"defaultTo":null,"notNullable":false,"unsigned":true}]},{"name":"up_permissions","indexes":[{"name":"up_permissions_created_by_id_fk","columns":["created_by_id"]},{"name":"up_permissions_updated_by_id_fk","columns":["updated_by_id"]}],"foreignKeys":[{"name":"up_permissions_created_by_id_fk","columns":["created_by_id"],"referencedTable":"admin_users","referencedColumns":["id"],"onDelete":"SET NULL"},{"name":"up_permissions_updated_by_id_fk","columns":["updated_by_id"],"referencedTable":"admin_users","referencedColumns":["id"],"onDelete":"SET NULL"}],"columns":[{"name":"id","type":"increments","args":[{"primary":true}],"defaultTo":null,"notNullable":true,"unsigned":false},{"name":"action","type":"string","args":[],"defaultTo":null,"notNullable":false,"unsigned":false},{"name":"created_at","type":"datetime","args":[{"useTz":false,"precision":6}],"defaultTo":null,"notNullable":false,"unsigned":false},{"name":"updated_at","type":"datetime","args":[{"useTz":false,"precision":6}],"defaultTo":null,"notNullable":false,"unsigned":false},{"name":"created_by_id","type":"integer","args":[],"defaultTo":null,"notNullable":false,"unsigned":true},{"name":"updated_by_id","type":"integer","args":[],"defaultTo":null,"notNullable":false,"unsigned":true}]},{"name":"up_roles","indexes":[{"name":"up_roles_created_by_id_fk","columns":["created_by_id"]},{"name":"up_roles_updated_by_id_fk","columns":["updated_by_id"]}],"foreignKeys":[{"name":"up_roles_created_by_id_fk","columns":["created_by_id"],"referencedTable":"admin_users","referencedColumns":["id"],"onDelete":"SET NULL"},{"name":"up_roles_updated_by_id_fk","columns":["updated_by_id"],"referencedTable":"admin_users","referencedColumns":["id"],"onDelete":"SET NULL"}],"columns":[{"name":"id","type":"increments","args":[{"primary":true}],"defaultTo":null,"notNullable":true,"unsigned":false},{"name":"name","type":"string","args":[],"defaultTo":null,"notNullable":false,"unsigned":false},{"name":"description","type":"string","args":[],"defaultTo":null,"notNullable":false,"unsigned":false},{"name":"type","type":"string","args":[],"defaultTo":null,"notNullable":false,"unsigned":false},{"name":"created_at","type":"datetime","args":[{"useTz":false,"precision":6}],"defaultTo":null,"notNullable":false,"unsigned":false},{"name":"updated_at","type":"datetime","args":[{"useTz":false,"precision":6}],"defaultTo":null,"notNullable":false,"unsigned":false},{"name":"created_by_id","type":"integer","args":[],"defaultTo":null,"notNullable":false,"unsigned":true},{"name":"updated_by_id","type":"integer","args":[],"defaultTo":null,"notNullable":false,"unsigned":true}]},{"name":"up_users","indexes":[{"name":"up_users_created_by_id_fk","columns":["created_by_id"]},{"name":"up_users_updated_by_id_fk","columns":["updated_by_id"]}],"foreignKeys":[{"name":"up_users_created_by_id_fk","columns":["created_by_id"],"referencedTable":"admin_users","referencedColumns":["id"],"onDelete":"SET NULL"},{"name":"up_users_updated_by_id_fk","columns":["updated_by_id"],"referencedTable":"admin_users","referencedColumns":["id"],"onDelete":"SET NULL"}],"columns":[{"name":"id","type":"increments","args":[{"primary":true}],"defaultTo":null,"notNullable":true,"unsigned":false},{"name":"username","type":"string","args":[],"defaultTo":null,"notNullable":false,"unsigned":false},{"name":"email","type":"string","args":[],"defaultTo":null,"notNullable":false,"unsigned":false},{"name":"provider","type":"string","args":[],"defaultTo":null,"notNullable":false,"unsigned":false},{"name":"password","type":"string","args":[],"defaultTo":null,"notNullable":false,"unsigned":false},{"name":"reset_password_token","type":"string","args":[],"defaultTo":null,"notNullable":false,"unsigned":false},{"name":"confirmation_token","type":"string","args":[],"defaultTo":null,"notNullable":false,"unsigned":false},{"name":"confirmed","type":"boolean","args":[],"defaultTo":null,"notNullable":false,"unsigned":false},{"name":"blocked","type":"boolean","args":[],"defaultTo":null,"notNullable":false,"unsigned":false},{"name":"created_at","type":"datetime","args":[{"useTz":false,"precision":6}],"defaultTo":null,"notNullable":false,"unsigned":false},{"name":"updated_at","type":"datetime","args":[{"useTz":false,"precision":6}],"defaultTo":null,"notNullable":false,"unsigned":false},{"name":"created_by_id","type":"integer","args":[],"defaultTo":null,"notNullable":false,"unsigned":true},{"name":"updated_by_id","type":"integer","args":[],"defaultTo":null,"notNullable":false,"unsigned":true}]},{"name":"articles","indexes":[{"name":"articles_created_by_id_fk","columns":["created_by_id"]},{"name":"articles_updated_by_id_fk","columns":["updated_by_id"]}],"foreignKeys":[{"name":"articles_created_by_id_fk","columns":["created_by_id"],"referencedTable":"admin_users","referencedColumns":["id"],"onDelete":"SET NULL"},{"name":"articles_updated_by_id_fk","columns":["updated_by_id"],"referencedTable":"admin_users","referencedColumns":["id"],"onDelete":"SET NULL"}],"columns":[{"name":"id","type":"increments","args":[{"primary":true}],"defaultTo":null,"notNullable":true,"unsigned":false},{"name":"title","type":"string","args":[],"defaultTo":null,"notNullable":false,"unsigned":false},{"name":"created_at","type":"datetime","args":[{"useTz":false,"precision":6}],"defaultTo":null,"notNullable":false,"unsigned":false},{"name":"updated_at","type":"datetime","args":[{"useTz":false,"precision":6}],"defaultTo":null,"notNullable":false,"unsigned":false},{"name":"created_by_id","type":"integer","args":[],"defaultTo":null,"notNullable":false,"unsigned":true},{"name":"updated_by_id","type":"integer","args":[],"defaultTo":null,"notNullable":false,"unsigned":true}]},{"name":"categories","indexes":[{"name":"categories_created_by_id_fk","columns":["created_by_id"]},{"name":"categories_updated_by_id_fk","columns":["updated_by_id"]}],"foreignKeys":[{"name":"categories_created_by_id_fk","columns":["created_by_id"],"referencedTable":"admin_users","referencedColumns":["id"],"onDelete":"SET NULL"},{"name":"categories_updated_by_id_fk","columns":["updated_by_id"],"referencedTable":"admin_users","referencedColumns":["id"],"onDelete":"SET NULL"}],"columns":[{"name":"id","type":"increments","args":[{"primary":true}],"defaultTo":null,"notNullable":true,"unsigned":false},{"name":"name","type":"string","args":[],"defaultTo":null,"notNullable":false,"unsigned":false},{"name":"created_at","type":"datetime","args":[{"useTz":false,"precision":6}],"defaultTo":null,"notNullable":false,"unsigned":false},{"name":"updated_at","type":"datetime","args":[{"useTz":false,"precision":6}],"defaultTo":null,"notNullable":false,"unsigned":false},{"name":"published_at","type":"datetime","args":[{"useTz":false,"precision":6}],"defaultTo":null,"notNullable":false,"unsigned":false},{"name":"created_by_id","type":"integer","args":[],"defaultTo":null,"notNullable":false,"unsigned":true},{"name":"updated_by_id","type":"integer","args":[],"defaultTo":null,"notNullable":false,"unsigned":true}]},{"name":"histories","indexes":[{"name":"histories_created_by_id_fk","columns":["created_by_id"]},{"name":"histories_updated_by_id_fk","columns":["updated_by_id"]}],"foreignKeys":[{"name":"histories_created_by_id_fk","columns":["created_by_id"],"referencedTable":"admin_users","referencedColumns":["id"],"onDelete":"SET NULL"},{"name":"histories_updated_by_id_fk","columns":["updated_by_id"],"referencedTable":"admin_users","referencedColumns":["id"],"onDelete":"SET NULL"}],"columns":[{"name":"id","type":"increments","args":[{"primary":true}],"defaultTo":null,"notNullable":true,"unsigned":false},{"name":"message","type":"text","args":["longtext"],"defaultTo":null,"notNullable":false,"unsigned":false},{"name":"raw_json","type":"jsonb","args":[],"defaultTo":null,"notNullable":false,"unsigned":false},{"name":"raw_result","type":"jsonb","args":[],"defaultTo":null,"notNullable":false,"unsigned":false},{"name":"raw_params","type":"jsonb","args":[],"defaultTo":null,"notNullable":false,"unsigned":false},{"name":"created_at","type":"datetime","args":[{"useTz":false,"precision":6}],"defaultTo":null,"notNullable":false,"unsigned":false},{"name":"updated_at","type":"datetime","args":[{"useTz":false,"precision":6}],"defaultTo":null,"notNullable":false,"unsigned":false},{"name":"created_by_id","type":"integer","args":[],"defaultTo":null,"notNullable":false,"unsigned":true},{"name":"updated_by_id","type":"integer","args":[],"defaultTo":null,"notNullable":false,"unsigned":true}]},{"name":"restaurants","indexes":[{"name":"restaurants_created_by_id_fk","columns":["created_by_id"]},{"name":"restaurants_updated_by_id_fk","columns":["updated_by_id"]}],"foreignKeys":[{"name":"restaurants_created_by_id_fk","columns":["created_by_id"],"referencedTable":"admin_users","referencedColumns":["id"],"onDelete":"SET NULL"},{"name":"restaurants_updated_by_id_fk","columns":["updated_by_id"],"referencedTable":"admin_users","referencedColumns":["id"],"onDelete":"SET NULL"}],"columns":[{"name":"id","type":"increments","args":[{"primary":true}],"defaultTo":null,"notNullable":true,"unsigned":false},{"name":"name","type":"string","args":[],"defaultTo":null,"notNullable":false,"unsigned":false},{"name":"description","type":"string","args":[],"defaultTo":null,"notNullable":false,"unsigned":false},{"name":"created_at","type":"datetime","args":[{"useTz":false,"precision":6}],"defaultTo":null,"notNullable":false,"unsigned":false},{"name":"updated_at","type":"datetime","args":[{"useTz":false,"precision":6}],"defaultTo":null,"notNullable":false,"unsigned":false},{"name":"published_at","type":"datetime","args":[{"useTz":false,"precision":6}],"defaultTo":null,"notNullable":false,"unsigned":false},{"name":"created_by_id","type":"integer","args":[],"defaultTo":null,"notNullable":false,"unsigned":true},{"name":"updated_by_id","type":"integer","args":[],"defaultTo":null,"notNullable":false,"unsigned":true}]},{"name":"stores","indexes":[{"name":"stores_created_by_id_fk","columns":["created_by_id"]},{"name":"stores_updated_by_id_fk","columns":["updated_by_id"]}],"foreignKeys":[{"name":"stores_created_by_id_fk","columns":["created_by_id"],"referencedTable":"admin_users","referencedColumns":["id"],"onDelete":"SET NULL"},{"name":"stores_updated_by_id_fk","columns":["updated_by_id"],"referencedTable":"admin_users","referencedColumns":["id"],"onDelete":"SET NULL"}],"columns":[{"name":"id","type":"increments","args":[{"primary":true}],"defaultTo":null,"notNullable":true,"unsigned":false},{"name":"title","type":"string","args":[],"defaultTo":null,"notNullable":false,"unsigned":false},{"name":"created_at","type":"datetime","args":[{"useTz":false,"precision":6}],"defaultTo":null,"notNullable":false,"unsigned":false},{"name":"updated_at","type":"datetime","args":[{"useTz":false,"precision":6}],"defaultTo":null,"notNullable":false,"unsigned":false},{"name":"created_by_id","type":"integer","args":[],"defaultTo":null,"notNullable":false,"unsigned":true},{"name":"updated_by_id","type":"integer","args":[],"defaultTo":null,"notNullable":false,"unsigned":true}]},{"name":"test_content1s","indexes":[{"name":"test_content1s_created_by_id_fk","columns":["created_by_id"]},{"name":"test_content1s_updated_by_id_fk","columns":["updated_by_id"]}],"foreignKeys":[{"name":"test_content1s_created_by_id_fk","columns":["created_by_id"],"referencedTable":"admin_users","referencedColumns":["id"],"onDelete":"SET NULL"},{"name":"test_content1s_updated_by_id_fk","columns":["updated_by_id"],"referencedTable":"admin_users","referencedColumns":["id"],"onDelete":"SET NULL"}],"columns":[{"name":"id","type":"increments","args":[{"primary":true}],"defaultTo":null,"notNullable":true,"unsigned":false},{"name":"title","type":"string","args":[],"defaultTo":null,"notNullable":false,"unsigned":false},{"name":"created_at","type":"datetime","args":[{"useTz":false,"precision":6}],"defaultTo":null,"notNullable":false,"unsigned":false},{"name":"updated_at","type":"datetime","args":[{"useTz":false,"precision":6}],"defaultTo":null,"notNullable":false,"unsigned":false},{"name":"created_by_id","type":"integer","args":[],"defaultTo":null,"notNullable":false,"unsigned":true},{"name":"updated_by_id","type":"integer","args":[],"defaultTo":null,"notNullable":false,"unsigned":true}]},{"name":"admin_permissions_role_links","indexes":[{"name":"admin_permissions_role_links_fk","columns":["permission_id"]},{"name":"admin_permissions_role_links_inv_fk","columns":["role_id"]}],"foreignKeys":[{"name":"admin_permissions_role_links_fk","columns":["permission_id"],"referencedColumns":["id"],"referencedTable":"admin_permissions","onDelete":"CASCADE"},{"name":"admin_permissions_role_links_inv_fk","columns":["role_id"],"referencedColumns":["id"],"referencedTable":"admin_roles","onDelete":"CASCADE"}],"columns":[{"name":"permission_id","type":"integer","args":[],"defaultTo":null,"notNullable":false,"unsigned":true},{"name":"role_id","type":"integer","args":[],"defaultTo":null,"notNullable":false,"unsigned":true}]},{"name":"admin_users_roles_links","indexes":[{"name":"admin_users_roles_links_fk","columns":["user_id"]},{"name":"admin_users_roles_links_inv_fk","columns":["role_id"]}],"foreignKeys":[{"name":"admin_users_roles_links_fk","columns":["user_id"],"referencedColumns":["id"],"referencedTable":"admin_users","onDelete":"CASCADE"},{"name":"admin_users_roles_links_inv_fk","columns":["role_id"],"referencedColumns":["id"],"referencedTable":"admin_roles","onDelete":"CASCADE"}],"columns":[{"name":"user_id","type":"integer","args":[],"defaultTo":null,"notNullable":false,"unsigned":true},{"name":"role_id","type":"integer","args":[],"defaultTo":null,"notNullable":false,"unsigned":true}]},{"name":"files_related_morphs","indexes":[{"name":"files_related_morphs_fk","columns":["file_id"]}],"foreignKeys":[{"name":"files_related_morphs_fk","columns":["file_id"],"referencedColumns":["id"],"referencedTable":"files","onDelete":"CASCADE"}],"columns":[{"name":"file_id","type":"integer","args":[],"defaultTo":null,"notNullable":false,"unsigned":true},{"name":"related_id","type":"integer","args":[],"defaultTo":null,"notNullable":false,"unsigned":true},{"name":"related_type","type":"string","args":[],"defaultTo":null,"notNullable":false,"unsigned":false},{"name":"field","type":"string","args":[],"defaultTo":null,"notNullable":false,"unsigned":false},{"name":"order","type":"integer","args":[],"defaultTo":null,"notNullable":false,"unsigned":true}]},{"name":"up_permissions_role_links","indexes":[{"name":"up_permissions_role_links_fk","columns":["permission_id"]},{"name":"up_permissions_role_links_inv_fk","columns":["role_id"]}],"foreignKeys":[{"name":"up_permissions_role_links_fk","columns":["permission_id"],"referencedColumns":["id"],"referencedTable":"up_permissions","onDelete":"CASCADE"},{"name":"up_permissions_role_links_inv_fk","columns":["role_id"],"referencedColumns":["id"],"referencedTable":"up_roles","onDelete":"CASCADE"}],"columns":[{"name":"permission_id","type":"integer","args":[],"defaultTo":null,"notNullable":false,"unsigned":true},{"name":"role_id","type":"integer","args":[],"defaultTo":null,"notNullable":false,"unsigned":true}]},{"name":"up_users_role_links","indexes":[{"name":"up_users_role_links_fk","columns":["user_id"]},{"name":"up_users_role_links_inv_fk","columns":["role_id"]}],"foreignKeys":[{"name":"up_users_role_links_fk","columns":["user_id"],"referencedColumns":["id"],"referencedTable":"up_users","onDelete":"CASCADE"},{"name":"up_users_role_links_inv_fk","columns":["role_id"],"referencedColumns":["id"],"referencedTable":"up_roles","onDelete":"CASCADE"}],"columns":[{"name":"user_id","type":"integer","args":[],"defaultTo":null,"notNullable":false,"unsigned":true},{"name":"role_id","type":"integer","args":[],"defaultTo":null,"notNullable":false,"unsigned":true}]},{"name":"categories_restaurants_links","indexes":[{"name":"categories_restaurants_links_fk","columns":["category_id"]},{"name":"categories_restaurants_links_inv_fk","columns":["restaurant_id"]}],"foreignKeys":[{"name":"categories_restaurants_links_fk","columns":["category_id"],"referencedColumns":["id"],"referencedTable":"categories","onDelete":"CASCADE"},{"name":"categories_restaurants_links_inv_fk","columns":["restaurant_id"],"referencedColumns":["id"],"referencedTable":"restaurants","onDelete":"CASCADE"}],"columns":[{"name":"category_id","type":"integer","args":[],"defaultTo":null,"notNullable":false,"unsigned":true},{"name":"restaurant_id","type":"integer","args":[],"defaultTo":null,"notNullable":false,"unsigned":true}]},{"name":"restaurants_categories_links","indexes":[{"name":"restaurants_categories_links_fk","columns":["restaurant_id"]},{"name":"restaurants_categories_links_inv_fk","columns":["category_id"]}],"foreignKeys":[{"name":"restaurants_categories_links_fk","columns":["restaurant_id"],"referencedColumns":["id"],"referencedTable":"restaurants","onDelete":"CASCADE"},{"name":"restaurants_categories_links_inv_fk","columns":["category_id"],"referencedColumns":["id"],"referencedTable":"categories","onDelete":"CASCADE"}],"columns":[{"name":"restaurant_id","type":"integer","args":[],"defaultTo":null,"notNullable":false,"unsigned":true},{"name":"category_id","type":"integer","args":[],"defaultTo":null,"notNullable":false,"unsigned":true}]}]}',1649240586849,'59016f8c5c333fcb28b2ad9d26e5e43c');
CREATE TABLE `strapi_core_store_settings` (`id` integer not null primary key autoincrement, `key` varchar(255) null, `value` text null, `type` varchar(255) null, `environment` varchar(255) null, `tag` varchar(255) null);
INSERT INTO strapi_core_store_settings VALUES(1,'strapi_content_types_schema','{"admin::permission":{"collectionName":"admin_permissions","info":{"name":"Permission","description":"","singularName":"permission","pluralName":"permissions","displayName":"Permission"},"options":{},"pluginOptions":{"content-manager":{"visible":false},"content-type-builder":{"visible":false}},"attributes":{"action":{"type":"string","minLength":1,"configurable":false,"required":true},"subject":{"type":"string","minLength":1,"configurable":false,"required":false},"properties":{"type":"json","configurable":false,"required":false,"default":{}},"conditions":{"type":"json","configurable":false,"required":false,"default":[]},"role":{"configurable":false,"type":"relation","relation":"manyToOne","inversedBy":"permissions","target":"admin::role"},"createdAt":{"type":"datetime"},"updatedAt":{"type":"datetime"},"createdBy":{"type":"relation","relation":"oneToOne","target":"admin::user","configurable":false,"writable":false,"visible":false,"useJoinTable":false,"private":true},"updatedBy":{"type":"relation","relation":"oneToOne","target":"admin::user","configurable":false,"writable":false,"visible":false,"useJoinTable":false,"private":true}},"kind":"collectionType","__schema__":{"collectionName":"admin_permissions","info":{"name":"Permission","description":"","singularName":"permission","pluralName":"permissions","displayName":"Permission"},"options":{},"pluginOptions":{"content-manager":{"visible":false},"content-type-builder":{"visible":false}},"attributes":{"action":{"type":"string","minLength":1,"configurable":false,"required":true},"subject":{"type":"string","minLength":1,"configurable":false,"required":false},"properties":{"type":"json","configurable":false,"required":false,"default":{}},"conditions":{"type":"json","configurable":false,"required":false,"default":[]},"role":{"configurable":false,"type":"relation","relation":"manyToOne","inversedBy":"permissions","target":"admin::role"}},"kind":"collectionType"},"modelType":"contentType","modelName":"permission","connection":"default","uid":"admin::permission","plugin":"admin","globalId":"AdminPermission"},"admin::user":{"collectionName":"admin_users","info":{"name":"User","description":"","singularName":"user","pluralName":"users","displayName":"User"},"pluginOptions":{"content-manager":{"visible":false},"content-type-builder":{"visible":false}},"attributes":{"firstname":{"type":"string","unique":false,"minLength":1,"configurable":false,"required":false},"lastname":{"type":"string","unique":false,"minLength":1,"configurable":false,"required":false},"username":{"type":"string","unique":false,"configurable":false,"required":false},"email":{"type":"email","minLength":6,"configurable":false,"required":true,"unique":true,"private":true},"password":{"type":"password","minLength":6,"configurable":false,"required":false,"private":true},"resetPasswordToken":{"type":"string","configurable":false,"private":true},"registrationToken":{"type":"string","configurable":false,"private":true},"isActive":{"type":"boolean","default":false,"configurable":false,"private":true},"roles":{"configurable":false,"private":true,"type":"relation","relation":"manyToMany","inversedBy":"users","target":"admin::role","collectionName":"strapi_users_roles"},"blocked":{"type":"boolean","default":false,"configurable":false,"private":true},"preferedLanguage":{"type":"string","configurable":false,"required":false},"createdAt":{"type":"datetime"},"updatedAt":{"type":"datetime"},"createdBy":{"type":"relation","relation":"oneToOne","target":"admin::user","configurable":false,"writable":false,"visible":false,"useJoinTable":false,"private":true},"updatedBy":{"type":"relation","relation":"oneToOne","target":"admin::user","configurable":false,"writable":false,"visible":false,"useJoinTable":false,"private":true}},"kind":"collectionType","__schema__":{"collectionName":"admin_users","info":{"name":"User","description":"","singularName":"user","pluralName":"users","displayName":"User"},"pluginOptions":{"content-manager":{"visible":false},"content-type-builder":{"visible":false}},"attributes":{"firstname":{"type":"string","unique":false,"minLength":1,"configurable":false,"required":false},"lastname":{"type":"string","unique":false,"minLength":1,"configurable":false,"required":false},"username":{"type":"string","unique":false,"configurable":false,"required":false},"email":{"type":"email","minLength":6,"configurable":false,"required":true,"unique":true,"private":true},"password":{"type":"password","minLength":6,"configurable":false,"required":false,"private":true},"resetPasswordToken":{"type":"string","configurable":false,"private":true},"registrationToken":{"type":"string","configurable":false,"private":true},"isActive":{"type":"boolean","default":false,"configurable":false,"private":true},"roles":{"configurable":false,"private":true,"type":"relation","relation":"manyToMany","inversedBy":"users","target":"admin::role","collectionName":"strapi_users_roles"},"blocked":{"type":"boolean","default":false,"configurable":false,"private":true},"preferedLanguage":{"type":"string","configurable":false,"required":false}},"kind":"collectionType"},"modelType":"contentType","modelName":"user","connection":"default","uid":"admin::user","plugin":"admin","globalId":"AdminUser"},"admin::role":{"collectionName":"admin_roles","info":{"name":"Role","description":"","singularName":"role","pluralName":"roles","displayName":"Role"},"options":{},"pluginOptions":{"content-manager":{"visible":false},"content-type-builder":{"visible":false}},"attributes":{"name":{"type":"string","minLength":1,"unique":true,"configurable":false,"required":true},"code":{"type":"string","minLength":1,"unique":true,"configurable":false,"required":true},"description":{"type":"string","configurable":false},"users":{"configurable":false,"type":"relation","relation":"manyToMany","mappedBy":"roles","target":"admin::user"},"permissions":{"configurable":false,"type":"relation","relation":"oneToMany","mappedBy":"role","target":"admin::permission"},"createdAt":{"type":"datetime"},"updatedAt":{"type":"datetime"},"createdBy":{"type":"relation","relation":"oneToOne","target":"admin::user","configurable":false,"writable":false,"visible":false,"useJoinTable":false,"private":true},"updatedBy":{"type":"relation","relation":"oneToOne","target":"admin::user","configurable":false,"writable":false,"visible":false,"useJoinTable":false,"private":true}},"kind":"collectionType","__schema__":{"collectionName":"admin_roles","info":{"name":"Role","description":"","singularName":"role","pluralName":"roles","displayName":"Role"},"options":{},"pluginOptions":{"content-manager":{"visible":false},"content-type-builder":{"visible":false}},"attributes":{"name":{"type":"string","minLength":1,"unique":true,"configurable":false,"required":true},"code":{"type":"string","minLength":1,"unique":true,"configurable":false,"required":true},"description":{"type":"string","configurable":false},"users":{"configurable":false,"type":"relation","relation":"manyToMany","mappedBy":"roles","target":"admin::user"},"permissions":{"configurable":false,"type":"relation","relation":"oneToMany","mappedBy":"role","target":"admin::permission"}},"kind":"collectionType"},"modelType":"contentType","modelName":"role","connection":"default","uid":"admin::role","plugin":"admin","globalId":"AdminRole"},"admin::api-token":{"collectionName":"strapi_api_tokens","info":{"name":"Api Token","singularName":"api-token","pluralName":"api-tokens","displayName":"Api Token","description":""},"options":{},"pluginOptions":{"content-manager":{"visible":false},"content-type-builder":{"visible":false}},"attributes":{"name":{"type":"string","minLength":1,"configurable":false,"required":true},"description":{"type":"string","minLength":1,"configurable":false,"required":false,"default":""},"type":{"type":"enumeration","enum":["read-only","full-access"],"configurable":false,"required":false,"default":"read-only"},"accessKey":{"type":"string","minLength":1,"configurable":false,"required":true},"createdAt":{"type":"datetime"},"updatedAt":{"type":"datetime"},"createdBy":{"type":"relation","relation":"oneToOne","target":"admin::user","configurable":false,"writable":false,"visible":false,"useJoinTable":false,"private":true},"updatedBy":{"type":"relation","relation":"oneToOne","target":"admin::user","configurable":false,"writable":false,"visible":false,"useJoinTable":false,"private":true}},"kind":"collectionType","__schema__":{"collectionName":"strapi_api_tokens","info":{"name":"Api Token","singularName":"api-token","pluralName":"api-tokens","displayName":"Api Token","description":""},"options":{},"pluginOptions":{"content-manager":{"visible":false},"content-type-builder":{"visible":false}},"attributes":{"name":{"type":"string","minLength":1,"configurable":false,"required":true},"description":{"type":"string","minLength":1,"configurable":false,"required":false,"default":""},"type":{"type":"enumeration","enum":["read-only","full-access"],"configurable":false,"required":false,"default":"read-only"},"accessKey":{"type":"string","minLength":1,"configurable":false,"required":true}},"kind":"collectionType"},"modelType":"contentType","modelName":"api-token","connection":"default","uid":"admin::api-token","plugin":"admin","globalId":"AdminApiToken"},"plugin::upload.file":{"collectionName":"files","info":{"singularName":"file","pluralName":"files","displayName":"File","description":""},"options":{},"pluginOptions":{"content-manager":{"visible":false},"content-type-builder":{"visible":false}},"attributes":{"name":{"type":"string","configurable":false,"required":true},"alternativeText":{"type":"string","configurable":false},"caption":{"type":"string","configurable":false},"width":{"type":"integer","configurable":false},"height":{"type":"integer","configurable":false},"formats":{"type":"json","configurable":false},"hash":{"type":"string","configurable":false,"required":true},"ext":{"type":"string","configurable":false},"mime":{"type":"string","configurable":false,"required":true},"size":{"type":"decimal","configurable":false,"required":true},"url":{"type":"string","configurable":false,"required":true},"previewUrl":{"type":"string","configurable":false},"provider":{"type":"string","configurable":false,"required":true},"provider_metadata":{"type":"json","configurable":false},"related":{"type":"relation","relation":"morphToMany","configurable":false},"createdAt":{"type":"datetime"},"updatedAt":{"type":"datetime"},"createdBy":{"type":"relation","relation":"oneToOne","target":"admin::user","configurable":false,"writable":false,"visible":false,"useJoinTable":false,"private":true},"updatedBy":{"type":"relation","relation":"oneToOne","target":"admin::user","configurable":false,"writable":false,"visible":false,"useJoinTable":false,"private":true}},"kind":"collectionType","__schema__":{"collectionName":"files","info":{"singularName":"file","pluralName":"files","displayName":"File","description":""},"options":{},"pluginOptions":{"content-manager":{"visible":false},"content-type-builder":{"visible":false}},"attributes":{"name":{"type":"string","configurable":false,"required":true},"alternativeText":{"type":"string","configurable":false},"caption":{"type":"string","configurable":false},"width":{"type":"integer","configurable":false},"height":{"type":"integer","configurable":false},"formats":{"type":"json","configurable":false},"hash":{"type":"string","configurable":false,"required":true},"ext":{"type":"string","configurable":false},"mime":{"type":"string","configurable":false,"required":true},"size":{"type":"decimal","configurable":false,"required":true},"url":{"type":"string","configurable":false,"required":true},"previewUrl":{"type":"string","configurable":false},"provider":{"type":"string","configurable":false,"required":true},"provider_metadata":{"type":"json","configurable":false},"related":{"type":"relation","relation":"morphToMany","configurable":false}},"kind":"collectionType"},"modelType":"contentType","modelName":"file","connection":"default","uid":"plugin::upload.file","plugin":"upload","globalId":"UploadFile"},"plugin::i18n.locale":{"info":{"singularName":"locale","pluralName":"locales","collectionName":"locales","displayName":"Locale","description":""},"options":{"draftAndPublish":false},"pluginOptions":{"content-manager":{"visible":false},"content-type-builder":{"visible":false}},"attributes":{"name":{"type":"string","min":1,"max":50,"configurable":false},"code":{"type":"string","unique":true,"configurable":false},"createdAt":{"type":"datetime"},"updatedAt":{"type":"datetime"},"createdBy":{"type":"relation","relation":"oneToOne","target":"admin::user","configurable":false,"writable":false,"visible":false,"useJoinTable":false,"private":true},"updatedBy":{"type":"relation","relation":"oneToOne","target":"admin::user","configurable":false,"writable":false,"visible":false,"useJoinTable":false,"private":true}},"kind":"collectionType","__schema__":{"info":{"singularName":"locale","pluralName":"locales","collectionName":"locales","displayName":"Locale","description":""},"options":{"draftAndPublish":false},"pluginOptions":{"content-manager":{"visible":false},"content-type-builder":{"visible":false}},"attributes":{"name":{"type":"string","min":1,"max":50,"configurable":false},"code":{"type":"string","unique":true,"configurable":false}},"kind":"collectionType"},"modelType":"contentType","modelName":"locale","connection":"default","uid":"plugin::i18n.locale","plugin":"i18n","collectionName":"i18n_locale","globalId":"I18NLocale"},"plugin::users-permissions.permission":{"collectionName":"up_permissions","info":{"name":"permission","description":"","singularName":"permission","pluralName":"permissions","displayName":"Permission"},"pluginOptions":{"content-manager":{"visible":false},"content-type-builder":{"visible":false}},"attributes":{"action":{"type":"string","required":true,"configurable":false},"role":{"type":"relation","relation":"manyToOne","target":"plugin::users-permissions.role","inversedBy":"permissions","configurable":false},"createdAt":{"type":"datetime"},"updatedAt":{"type":"datetime"},"createdBy":{"type":"relation","relation":"oneToOne","target":"admin::user","configurable":false,"writable":false,"visible":false,"useJoinTable":false,"private":true},"updatedBy":{"type":"relation","relation":"oneToOne","target":"admin::user","configurable":false,"writable":false,"visible":false,"useJoinTable":false,"private":true}},"kind":"collectionType","__schema__":{"collectionName":"up_permissions","info":{"name":"permission","description":"","singularName":"permission","pluralName":"permissions","displayName":"Permission"},"pluginOptions":{"content-manager":{"visible":false},"content-type-builder":{"visible":false}},"attributes":{"action":{"type":"string","required":true,"configurable":false},"role":{"type":"relation","relation":"manyToOne","target":"plugin::users-permissions.role","inversedBy":"permissions","configurable":false}},"kind":"collectionType"},"modelType":"contentType","modelName":"permission","connection":"default","uid":"plugin::users-permissions.permission","plugin":"users-permissions","globalId":"UsersPermissionsPermission"},"plugin::users-permissions.role":{"collectionName":"up_roles","info":{"name":"role","description":"","singularName":"role","pluralName":"roles","displayName":"Role"},"pluginOptions":{"content-manager":{"visible":false},"content-type-builder":{"visible":false}},"attributes":{"name":{"type":"string","minLength":3,"required":true,"configurable":false},"description":{"type":"string","configurable":false},"type":{"type":"string","unique":true,"configurable":false},"permissions":{"type":"relation","relation":"oneToMany","target":"plugin::users-permissions.permission","mappedBy":"role","configurable":false},"users":{"type":"relation","relation":"oneToMany","target":"plugin::users-permissions.user","mappedBy":"role","configurable":false},"createdAt":{"type":"datetime"},"updatedAt":{"type":"datetime"},"createdBy":{"type":"relation","relation":"oneToOne","target":"admin::user","configurable":false,"writable":false,"visible":false,"useJoinTable":false,"private":true},"updatedBy":{"type":"relation","relation":"oneToOne","target":"admin::user","configurable":false,"writable":false,"visible":false,"useJoinTable":false,"private":true}},"kind":"collectionType","__schema__":{"collectionName":"up_roles","info":{"name":"role","description":"","singularName":"role","pluralName":"roles","displayName":"Role"},"pluginOptions":{"content-manager":{"visible":false},"content-type-builder":{"visible":false}},"attributes":{"name":{"type":"string","minLength":3,"required":true,"configurable":false},"description":{"type":"string","configurable":false},"type":{"type":"string","unique":true,"configurable":false},"permissions":{"type":"relation","relation":"oneToMany","target":"plugin::users-permissions.permission","mappedBy":"role","configurable":false},"users":{"type":"relation","relation":"oneToMany","target":"plugin::users-permissions.user","mappedBy":"role","configurable":false}},"kind":"collectionType"},"modelType":"contentType","modelName":"role","connection":"default","uid":"plugin::users-permissions.role","plugin":"users-permissions","globalId":"UsersPermissionsRole"},"plugin::users-permissions.user":{"collectionName":"up_users","info":{"name":"user","description":"","singularName":"user","pluralName":"users","displayName":"User"},"options":{"draftAndPublish":false,"timestamps":true},"attributes":{"username":{"type":"string","minLength":3,"unique":true,"configurable":false,"required":true},"email":{"type":"email","minLength":6,"configurable":false,"required":true},"provider":{"type":"string","configurable":false},"password":{"type":"password","minLength":6,"configurable":false,"private":true},"resetPasswordToken":{"type":"string","configurable":false,"private":true},"confirmationToken":{"type":"string","configurable":false,"private":true},"confirmed":{"type":"boolean","default":false,"configurable":false},"blocked":{"type":"boolean","default":false,"configurable":false},"role":{"type":"relation","relation":"manyToOne","target":"plugin::users-permissions.role","inversedBy":"users","configurable":false},"createdAt":{"type":"datetime"},"updatedAt":{"type":"datetime"},"createdBy":{"type":"relation","relation":"oneToOne","target":"admin::user","configurable":false,"writable":false,"visible":false,"useJoinTable":false,"private":true},"updatedBy":{"type":"relation","relation":"oneToOne","target":"admin::user","configurable":false,"writable":false,"visible":false,"useJoinTable":false,"private":true}},"config":{"attributes":{"resetPasswordToken":{"hidden":true},"confirmationToken":{"hidden":true},"provider":{"hidden":true}}},"kind":"collectionType","__schema__":{"collectionName":"up_users","info":{"name":"user","description":"","singularName":"user","pluralName":"users","displayName":"User"},"options":{"draftAndPublish":false,"timestamps":true},"attributes":{"username":{"type":"string","minLength":3,"unique":true,"configurable":false,"required":true},"email":{"type":"email","minLength":6,"configurable":false,"required":true},"provider":{"type":"string","configurable":false},"password":{"type":"password","minLength":6,"configurable":false,"private":true},"resetPasswordToken":{"type":"string","configurable":false,"private":true},"confirmationToken":{"type":"string","configurable":false,"private":true},"confirmed":{"type":"boolean","default":false,"configurable":false},"blocked":{"type":"boolean","default":false,"configurable":false},"role":{"type":"relation","relation":"manyToOne","target":"plugin::users-permissions.role","inversedBy":"users","configurable":false}},"kind":"collectionType"},"modelType":"contentType","modelName":"user","connection":"default","uid":"plugin::users-permissions.user","plugin":"users-permissions","globalId":"UsersPermissionsUser"},"api::article.article":{"kind":"collectionType","collectionName":"articles","info":{"singularName":"article","pluralName":"articles","displayName":"article","description":""},"options":{"draftAndPublish":false},"pluginOptions":{},"attributes":{"title":{"type":"string"},"createdAt":{"type":"datetime"},"updatedAt":{"type":"datetime"},"createdBy":{"type":"relation","relation":"oneToOne","target":"admin::user","configurable":false,"writable":false,"visible":false,"useJoinTable":false,"private":true},"updatedBy":{"type":"relation","relation":"oneToOne","target":"admin::user","configurable":false,"writable":false,"visible":false,"useJoinTable":false,"private":true}},"__schema__":{"collectionName":"articles","info":{"singularName":"article","pluralName":"articles","displayName":"article","description":""},"options":{"draftAndPublish":false},"pluginOptions":{},"attributes":{"title":{"type":"string"}},"kind":"collectionType"},"modelType":"contentType","modelName":"article","connection":"default","uid":"api::article.article","apiName":"article","globalId":"Article","actions":{},"lifecycles":{}},"api::category.category":{"kind":"collectionType","collectionName":"categories","info":{"singularName":"category","pluralName":"categories","displayName":"Category"},"options":{"draftAndPublish":true},"pluginOptions":{},"attributes":{"name":{"type":"string","required":true,"unique":true},"restaurants":{"type":"relation","relation":"manyToMany","target":"api::restaurant.restaurant","inversedBy":"categories"},"createdAt":{"type":"datetime"},"updatedAt":{"type":"datetime"},"publishedAt":{"type":"datetime","configurable":false,"writable":true,"visible":false},"createdBy":{"type":"relation","relation":"oneToOne","target":"admin::user","configurable":false,"writable":false,"visible":false,"useJoinTable":false,"private":true},"updatedBy":{"type":"relation","relation":"oneToOne","target":"admin::user","configurable":false,"writable":false,"visible":false,"useJoinTable":false,"private":true}},"__schema__":{"collectionName":"categories","info":{"singularName":"category","pluralName":"categories","displayName":"Category"},"options":{"draftAndPublish":true},"pluginOptions":{},"attributes":{"name":{"type":"string","required":true,"unique":true},"restaurants":{"type":"relation","relation":"manyToMany","target":"api::restaurant.restaurant","inversedBy":"categories"}},"kind":"collectionType"},"modelType":"contentType","modelName":"category","connection":"default","uid":"api::category.category","apiName":"category","globalId":"Category","actions":{},"lifecycles":{}},"api::history.history":{"kind":"collectionType","collectionName":"histories","info":{"singularName":"history","pluralName":"histories","displayName":"history","description":""},"options":{"draftAndPublish":false},"pluginOptions":{},"attributes":{"message":{"type":"text"},"raw_json":{"type":"json"},"raw_result":{"type":"json"},"raw_params":{"type":"json"},"createdAt":{"type":"datetime"},"updatedAt":{"type":"datetime"},"createdBy":{"type":"relation","relation":"oneToOne","target":"admin::user","configurable":false,"writable":false,"visible":false,"useJoinTable":false,"private":true},"updatedBy":{"type":"relation","relation":"oneToOne","target":"admin::user","configurable":false,"writable":false,"visible":false,"useJoinTable":false,"private":true}},"__schema__":{"collectionName":"histories","info":{"singularName":"history","pluralName":"histories","displayName":"history","description":""},"options":{"draftAndPublish":false},"pluginOptions":{},"attributes":{"message":{"type":"text"},"raw_json":{"type":"json"},"raw_result":{"type":"json"},"raw_params":{"type":"json"}},"kind":"collectionType"},"modelType":"contentType","modelName":"history","connection":"default","uid":"api::history.history","apiName":"history","globalId":"History","actions":{},"lifecycles":{}},"api::restaurant.restaurant":{"kind":"collectionType","collectionName":"restaurants","info":{"singularName":"restaurant","pluralName":"restaurants","displayName":"Restaurant "},"options":{"draftAndPublish":true},"pluginOptions":{},"attributes":{"name":{"type":"string","required":true,"unique":true},"description":{"type":"string"},"categories":{"type":"relation","relation":"manyToMany","target":"api::category.category","inversedBy":"restaurants"},"createdAt":{"type":"datetime"},"updatedAt":{"type":"datetime"},"publishedAt":{"type":"datetime","configurable":false,"writable":true,"visible":false},"createdBy":{"type":"relation","relation":"oneToOne","target":"admin::user","configurable":false,"writable":false,"visible":false,"useJoinTable":false,"private":true},"updatedBy":{"type":"relation","relation":"oneToOne","target":"admin::user","configurable":false,"writable":false,"visible":false,"useJoinTable":false,"private":true}},"__schema__":{"collectionName":"restaurants","info":{"singularName":"restaurant","pluralName":"restaurants","displayName":"Restaurant "},"options":{"draftAndPublish":true},"pluginOptions":{},"attributes":{"name":{"type":"string","required":true,"unique":true},"description":{"type":"string"},"categories":{"type":"relation","relation":"manyToMany","target":"api::category.category","inversedBy":"restaurants"}},"kind":"collectionType"},"modelType":"contentType","modelName":"restaurant","connection":"default","uid":"api::restaurant.restaurant","apiName":"restaurant","globalId":"Restaurant","actions":{},"lifecycles":{}},"api::store.store":{"kind":"collectionType","collectionName":"stores","info":{"singularName":"store","pluralName":"stores","displayName":"Store"},"options":{"draftAndPublish":false},"pluginOptions":{},"attributes":{"Title":{"type":"string"},"createdAt":{"type":"datetime"},"updatedAt":{"type":"datetime"},"createdBy":{"type":"relation","relation":"oneToOne","target":"admin::user","configurable":false,"writable":false,"visible":false,"useJoinTable":false,"private":true},"updatedBy":{"type":"relation","relation":"oneToOne","target":"admin::user","configurable":false,"writable":false,"visible":false,"useJoinTable":false,"private":true}},"__schema__":{"collectionName":"stores","info":{"singularName":"store","pluralName":"stores","displayName":"Store"},"options":{"draftAndPublish":false},"pluginOptions":{},"attributes":{"Title":{"type":"string"}},"kind":"collectionType"},"modelType":"contentType","modelName":"store","connection":"default","uid":"api::store.store","apiName":"store","globalId":"Store","actions":{},"lifecycles":{}},"api::test-content1.test-content1":{"kind":"collectionType","collectionName":"test_content1s","info":{"singularName":"test-content1","pluralName":"test-content1s","displayName":"test_content1","description":""},"options":{"draftAndPublish":false},"pluginOptions":{},"attributes":{"title":{"type":"string"},"createdAt":{"type":"datetime"},"updatedAt":{"type":"datetime"},"createdBy":{"type":"relation","relation":"oneToOne","target":"admin::user","configurable":false,"writable":false,"visible":false,"useJoinTable":false,"private":true},"updatedBy":{"type":"relation","relation":"oneToOne","target":"admin::user","configurable":false,"writable":false,"visible":false,"useJoinTable":false,"private":true}},"__schema__":{"collectionName":"test_content1s","info":{"singularName":"test-content1","pluralName":"test-content1s","displayName":"test_content1","description":""},"options":{"draftAndPublish":false},"pluginOptions":{},"attributes":{"title":{"type":"string"}},"kind":"collectionType"},"modelType":"contentType","modelName":"test-content1","connection":"default","uid":"api::test-content1.test-content1","apiName":"test-content1","globalId":"TestContent1","actions":{},"lifecycles":{}}}','object',NULL,NULL);
INSERT INTO strapi_core_store_settings VALUES(2,'plugin_content_manager_configuration_content_types::admin::permission','{"uid":"admin::permission","settings":{"bulkable":true,"filterable":true,"searchable":true,"pageSize":10,"mainField":"action","defaultSortBy":"action","defaultSortOrder":"ASC"},"metadatas":{"id":{"edit":{},"list":{"label":"id","searchable":true,"sortable":true}},"action":{"edit":{"label":"action","description":"","placeholder":"","visible":true,"editable":true},"list":{"label":"action","searchable":true,"sortable":true}},"subject":{"edit":{"label":"subject","description":"","placeholder":"","visible":true,"editable":true},"list":{"label":"subject","searchable":true,"sortable":true}},"properties":{"edit":{"label":"properties","description":"","placeholder":"","visible":true,"editable":true},"list":{"label":"properties","searchable":false,"sortable":false}},"conditions":{"edit":{"label":"conditions","description":"","placeholder":"","visible":true,"editable":true},"list":{"label":"conditions","searchable":false,"sortable":false}},"role":{"edit":{"label":"role","description":"","placeholder":"","visible":true,"editable":true,"mainField":"name"},"list":{"label":"role","searchable":true,"sortable":true}},"createdAt":{"edit":{"label":"createdAt","description":"","placeholder":"","visible":false,"editable":true},"list":{"label":"createdAt","searchable":true,"sortable":true}},"updatedAt":{"edit":{"label":"updatedAt","description":"","placeholder":"","visible":false,"editable":true},"list":{"label":"updatedAt","searchable":true,"sortable":true}}},"layouts":{"list":["id","action","subject","role"],"editRelations":["role"],"edit":[[{"name":"action","size":6},{"name":"subject","size":6}],[{"name":"properties","size":12}],[{"name":"conditions","size":12}]]}}','object',NULL,NULL);
INSERT INTO strapi_core_store_settings VALUES(3,'plugin_content_manager_configuration_content_types::admin::user','{"uid":"admin::user","settings":{"bulkable":true,"filterable":true,"searchable":true,"pageSize":10,"mainField":"firstname","defaultSortBy":"firstname","defaultSortOrder":"ASC"},"metadatas":{"id":{"edit":{},"list":{"label":"id","searchable":true,"sortable":true}},"firstname":{"edit":{"label":"firstname","description":"","placeholder":"","visible":true,"editable":true},"list":{"label":"firstname","searchable":true,"sortable":true}},"lastname":{"edit":{"label":"lastname","description":"","placeholder":"","visible":true,"editable":true},"list":{"label":"lastname","searchable":true,"sortable":true}},"username":{"edit":{"label":"username","description":"","placeholder":"","visible":true,"editable":true},"list":{"label":"username","searchable":true,"sortable":true}},"email":{"edit":{"label":"email","description":"","placeholder":"","visible":true,"editable":true},"list":{"label":"email","searchable":true,"sortable":true}},"password":{"edit":{"label":"password","description":"","placeholder":"","visible":true,"editable":true},"list":{"label":"password","searchable":true,"sortable":true}},"resetPasswordToken":{"edit":{"label":"resetPasswordToken","description":"","placeholder":"","visible":true,"editable":true},"list":{"label":"resetPasswordToken","searchable":true,"sortable":true}},"registrationToken":{"edit":{"label":"registrationToken","description":"","placeholder":"","visible":true,"editable":true},"list":{"label":"registrationToken","searchable":true,"sortable":true}},"isActive":{"edit":{"label":"isActive","description":"","placeholder":"","visible":true,"editable":true},"list":{"label":"isActive","searchable":true,"sortable":true}},"roles":{"edit":{"label":"roles","description":"","placeholder":"","visible":true,"editable":true,"mainField":"name"},"list":{"label":"roles","searchable":false,"sortable":false}},"blocked":{"edit":{"label":"blocked","description":"","placeholder":"","visible":true,"editable":true},"list":{"label":"blocked","searchable":true,"sortable":true}},"preferedLanguage":{"edit":{"label":"preferedLanguage","description":"","placeholder":"","visible":true,"editable":true},"list":{"label":"preferedLanguage","searchable":true,"sortable":true}},"createdAt":{"edit":{"label":"createdAt","description":"","placeholder":"","visible":false,"editable":true},"list":{"label":"createdAt","searchable":true,"sortable":true}},"updatedAt":{"edit":{"label":"updatedAt","description":"","placeholder":"","visible":false,"editable":true},"list":{"label":"updatedAt","searchable":true,"sortable":true}}},"layouts":{"list":["id","firstname","lastname","username"],"editRelations":["roles"],"edit":[[{"name":"firstname","size":6},{"name":"lastname","size":6}],[{"name":"username","size":6},{"name":"email","size":6}],[{"name":"password","size":6},{"name":"resetPasswordToken","size":6}],[{"name":"registrationToken","size":6},{"name":"isActive","size":4}],[{"name":"blocked","size":4},{"name":"preferedLanguage","size":6}]]}}','object',NULL,NULL);
INSERT INTO strapi_core_store_settings VALUES(4,'plugin_content_manager_configuration_content_types::admin::role','{"uid":"admin::role","settings":{"bulkable":true,"filterable":true,"searchable":true,"pageSize":10,"mainField":"name","defaultSortBy":"name","defaultSortOrder":"ASC"},"metadatas":{"id":{"edit":{},"list":{"label":"id","searchable":true,"sortable":true}},"name":{"edit":{"label":"name","description":"","placeholder":"","visible":true,"editable":true},"list":{"label":"name","searchable":true,"sortable":true}},"code":{"edit":{"label":"code","description":"","placeholder":"","visible":true,"editable":true},"list":{"label":"code","searchable":true,"sortable":true}},"description":{"edit":{"label":"description","description":"","placeholder":"","visible":true,"editable":true},"list":{"label":"description","searchable":true,"sortable":true}},"users":{"edit":{"label":"users","description":"","placeholder":"","visible":true,"editable":true,"mainField":"firstname"},"list":{"label":"users","searchable":false,"sortable":false}},"permissions":{"edit":{"label":"permissions","description":"","placeholder":"","visible":true,"editable":true,"mainField":"action"},"list":{"label":"permissions","searchable":false,"sortable":false}},"createdAt":{"edit":{"label":"createdAt","description":"","placeholder":"","visible":false,"editable":true},"list":{"label":"createdAt","searchable":true,"sortable":true}},"updatedAt":{"edit":{"label":"updatedAt","description":"","placeholder":"","visible":false,"editable":true},"list":{"label":"updatedAt","searchable":true,"sortable":true}}},"layouts":{"list":["id","name","code","description"],"editRelations":["users","permissions"],"edit":[[{"name":"name","size":6},{"name":"code","size":6}],[{"name":"description","size":6}]]}}','object',NULL,NULL);
INSERT INTO strapi_core_store_settings VALUES(5,'plugin_content_manager_configuration_content_types::admin::api-token','{"uid":"admin::api-token","settings":{"bulkable":true,"filterable":true,"searchable":true,"pageSize":10,"mainField":"name","defaultSortBy":"name","defaultSortOrder":"ASC"},"metadatas":{"id":{"edit":{},"list":{"label":"id","searchable":true,"sortable":true}},"name":{"edit":{"label":"name","description":"","placeholder":"","visible":true,"editable":true},"list":{"label":"name","searchable":true,"sortable":true}},"description":{"edit":{"label":"description","description":"","placeholder":"","visible":true,"editable":true},"list":{"label":"description","searchable":true,"sortable":true}},"type":{"edit":{"label":"type","description":"","placeholder":"","visible":true,"editable":true},"list":{"label":"type","searchable":true,"sortable":true}},"accessKey":{"edit":{"label":"accessKey","description":"","placeholder":"","visible":true,"editable":true},"list":{"label":"accessKey","searchable":true,"sortable":true}},"createdAt":{"edit":{"label":"createdAt","description":"","placeholder":"","visible":false,"editable":true},"list":{"label":"createdAt","searchable":true,"sortable":true}},"updatedAt":{"edit":{"label":"updatedAt","description":"","placeholder":"","visible":false,"editable":true},"list":{"label":"updatedAt","searchable":true,"sortable":true}}},"layouts":{"list":["id","name","description","type"],"editRelations":[],"edit":[[{"name":"name","size":6},{"name":"description","size":6}],[{"name":"type","size":6},{"name":"accessKey","size":6}]]}}','object',NULL,NULL);
INSERT INTO strapi_core_store_settings VALUES(6,'plugin_content_manager_configuration_content_types::plugin::upload.file','{"uid":"plugin::upload.file","settings":{"bulkable":true,"filterable":true,"searchable":true,"pageSize":10,"mainField":"name","defaultSortBy":"name","defaultSortOrder":"ASC"},"metadatas":{"id":{"edit":{},"list":{"label":"id","searchable":true,"sortable":true}},"name":{"edit":{"label":"name","description":"","placeholder":"","visible":true,"editable":true},"list":{"label":"name","searchable":true,"sortable":true}},"alternativeText":{"edit":{"label":"alternativeText","description":"","placeholder":"","visible":true,"editable":true},"list":{"label":"alternativeText","searchable":true,"sortable":true}},"caption":{"edit":{"label":"caption","description":"","placeholder":"","visible":true,"editable":true},"list":{"label":"caption","searchable":true,"sortable":true}},"width":{"edit":{"label":"width","description":"","placeholder":"","visible":true,"editable":true},"list":{"label":"width","searchable":true,"sortable":true}},"height":{"edit":{"label":"height","description":"","placeholder":"","visible":true,"editable":true},"list":{"label":"height","searchable":true,"sortable":true}},"formats":{"edit":{"label":"formats","description":"","placeholder":"","visible":true,"editable":true},"list":{"label":"formats","searchable":false,"sortable":false}},"hash":{"edit":{"label":"hash","description":"","placeholder":"","visible":true,"editable":true},"list":{"label":"hash","searchable":true,"sortable":true}},"ext":{"edit":{"label":"ext","description":"","placeholder":"","visible":true,"editable":true},"list":{"label":"ext","searchable":true,"sortable":true}},"mime":{"edit":{"label":"mime","description":"","placeholder":"","visible":true,"editable":true},"list":{"label":"mime","searchable":true,"sortable":true}},"size":{"edit":{"label":"size","description":"","placeholder":"","visible":true,"editable":true},"list":{"label":"size","searchable":true,"sortable":true}},"url":{"edit":{"label":"url","description":"","placeholder":"","visible":true,"editable":true},"list":{"label":"url","searchable":true,"sortable":true}},"previewUrl":{"edit":{"label":"previewUrl","description":"","placeholder":"","visible":true,"editable":true},"list":{"label":"previewUrl","searchable":true,"sortable":true}},"provider":{"edit":{"label":"provider","description":"","placeholder":"","visible":true,"editable":true},"list":{"label":"provider","searchable":true,"sortable":true}},"provider_metadata":{"edit":{"label":"provider_metadata","description":"","placeholder":"","visible":true,"editable":true},"list":{"label":"provider_metadata","searchable":false,"sortable":false}},"createdAt":{"edit":{"label":"createdAt","description":"","placeholder":"","visible":false,"editable":true},"list":{"label":"createdAt","searchable":true,"sortable":true}},"updatedAt":{"edit":{"label":"updatedAt","description":"","placeholder":"","visible":false,"editable":true},"list":{"label":"updatedAt","searchable":true,"sortable":true}}},"layouts":{"list":["id","name","alternativeText","caption"],"editRelations":[],"edit":[[{"name":"name","size":6},{"name":"alternativeText","size":6}],[{"name":"caption","size":6},{"name":"width","size":4}],[{"name":"height","size":4}],[{"name":"formats","size":12}],[{"name":"hash","size":6},{"name":"ext","size":6}],[{"name":"mime","size":6},{"name":"size","size":4}],[{"name":"url","size":6},{"name":"previewUrl","size":6}],[{"name":"provider","size":6}],[{"name":"provider_metadata","size":12}]]}}','object',NULL,NULL);
INSERT INTO strapi_core_store_settings VALUES(7,'plugin_content_manager_configuration_content_types::plugin::i18n.locale','{"uid":"plugin::i18n.locale","settings":{"bulkable":true,"filterable":true,"searchable":true,"pageSize":10,"mainField":"name","defaultSortBy":"name","defaultSortOrder":"ASC"},"metadatas":{"id":{"edit":{},"list":{"label":"id","searchable":true,"sortable":true}},"name":{"edit":{"label":"name","description":"","placeholder":"","visible":true,"editable":true},"list":{"label":"name","searchable":true,"sortable":true}},"code":{"edit":{"label":"code","description":"","placeholder":"","visible":true,"editable":true},"list":{"label":"code","searchable":true,"sortable":true}},"createdAt":{"edit":{"label":"createdAt","description":"","placeholder":"","visible":false,"editable":true},"list":{"label":"createdAt","searchable":true,"sortable":true}},"updatedAt":{"edit":{"label":"updatedAt","description":"","placeholder":"","visible":false,"editable":true},"list":{"label":"updatedAt","searchable":true,"sortable":true}}},"layouts":{"list":["id","name","code","createdAt"],"editRelations":[],"edit":[[{"name":"name","size":6},{"name":"code","size":6}]]}}','object',NULL,NULL);
INSERT INTO strapi_core_store_settings VALUES(8,'plugin_content_manager_configuration_content_types::plugin::users-permissions.permission','{"uid":"plugin::users-permissions.permission","settings":{"bulkable":true,"filterable":true,"searchable":true,"pageSize":10,"mainField":"action","defaultSortBy":"action","defaultSortOrder":"ASC"},"metadatas":{"id":{"edit":{},"list":{"label":"id","searchable":true,"sortable":true}},"action":{"edit":{"label":"action","description":"","placeholder":"","visible":true,"editable":true},"list":{"label":"action","searchable":true,"sortable":true}},"role":{"edit":{"label":"role","description":"","placeholder":"","visible":true,"editable":true,"mainField":"name"},"list":{"label":"role","searchable":true,"sortable":true}},"createdAt":{"edit":{"label":"createdAt","description":"","placeholder":"","visible":false,"editable":true},"list":{"label":"createdAt","searchable":true,"sortable":true}},"updatedAt":{"edit":{"label":"updatedAt","description":"","placeholder":"","visible":false,"editable":true},"list":{"label":"updatedAt","searchable":true,"sortable":true}}},"layouts":{"list":["id","action","role","createdAt"],"editRelations":["role"],"edit":[[{"name":"action","size":6}]]}}','object',NULL,NULL);
INSERT INTO strapi_core_store_settings VALUES(9,'plugin_content_manager_configuration_content_types::plugin::users-permissions.role','{"uid":"plugin::users-permissions.role","settings":{"bulkable":true,"filterable":true,"searchable":true,"pageSize":10,"mainField":"name","defaultSortBy":"name","defaultSortOrder":"ASC"},"metadatas":{"id":{"edit":{},"list":{"label":"id","searchable":true,"sortable":true}},"name":{"edit":{"label":"name","description":"","placeholder":"","visible":true,"editable":true},"list":{"label":"name","searchable":true,"sortable":true}},"description":{"edit":{"label":"description","description":"","placeholder":"","visible":true,"editable":true},"list":{"label":"description","searchable":true,"sortable":true}},"type":{"edit":{"label":"type","description":"","placeholder":"","visible":true,"editable":true},"list":{"label":"type","searchable":true,"sortable":true}},"permissions":{"edit":{"label":"permissions","description":"","placeholder":"","visible":true,"editable":true,"mainField":"action"},"list":{"label":"permissions","searchable":false,"sortable":false}},"users":{"edit":{"label":"users","description":"","placeholder":"","visible":true,"editable":true,"mainField":"username"},"list":{"label":"users","searchable":false,"sortable":false}},"createdAt":{"edit":{"label":"createdAt","description":"","placeholder":"","visible":false,"editable":true},"list":{"label":"createdAt","searchable":true,"sortable":true}},"updatedAt":{"edit":{"label":"updatedAt","description":"","placeholder":"","visible":false,"editable":true},"list":{"label":"updatedAt","searchable":true,"sortable":true}}},"layouts":{"list":["id","name","description","type"],"editRelations":["permissions","users"],"edit":[[{"name":"name","size":6},{"name":"description","size":6}],[{"name":"type","size":6}]]}}','object',NULL,NULL);
INSERT INTO strapi_core_store_settings VALUES(10,'plugin_content_manager_configuration_content_types::plugin::users-permissions.user','{"uid":"plugin::users-permissions.user","settings":{"bulkable":true,"filterable":true,"searchable":true,"pageSize":10,"mainField":"username","defaultSortBy":"username","defaultSortOrder":"ASC"},"metadatas":{"id":{"edit":{},"list":{"label":"id","searchable":true,"sortable":true}},"username":{"edit":{"label":"username","description":"","placeholder":"","visible":true,"editable":true},"list":{"label":"username","searchable":true,"sortable":true}},"email":{"edit":{"label":"email","description":"","placeholder":"","visible":true,"editable":true},"list":{"label":"email","searchable":true,"sortable":true}},"provider":{"edit":{"label":"provider","description":"","placeholder":"","visible":false,"editable":true},"list":{"label":"provider","searchable":true,"sortable":true}},"password":{"edit":{"label":"password","description":"","placeholder":"","visible":true,"editable":true},"list":{"label":"password","searchable":true,"sortable":true}},"resetPasswordToken":{"edit":{"label":"resetPasswordToken","description":"","placeholder":"","visible":false,"editable":true},"list":{"label":"resetPasswordToken","searchable":true,"sortable":true}},"confirmationToken":{"edit":{"label":"confirmationToken","description":"","placeholder":"","visible":false,"editable":true},"list":{"label":"confirmationToken","searchable":true,"sortable":true}},"confirmed":{"edit":{"label":"confirmed","description":"","placeholder":"","visible":true,"editable":true},"list":{"label":"confirmed","searchable":true,"sortable":true}},"blocked":{"edit":{"label":"blocked","description":"","placeholder":"","visible":true,"editable":true},"list":{"label":"blocked","searchable":true,"sortable":true}},"role":{"edit":{"label":"role","description":"","placeholder":"","visible":true,"editable":true,"mainField":"name"},"list":{"label":"role","searchable":true,"sortable":true}},"createdAt":{"edit":{"label":"createdAt","description":"","placeholder":"","visible":false,"editable":true},"list":{"label":"createdAt","searchable":true,"sortable":true}},"updatedAt":{"edit":{"label":"updatedAt","description":"","placeholder":"","visible":false,"editable":true},"list":{"label":"updatedAt","searchable":true,"sortable":true}}},"layouts":{"list":["id","username","email","confirmed"],"editRelations":["role"],"edit":[[{"name":"username","size":6},{"name":"email","size":6}],[{"name":"password","size":6},{"name":"confirmed","size":4}],[{"name":"blocked","size":4}]]}}','object',NULL,NULL);
INSERT INTO strapi_core_store_settings VALUES(11,'plugin_content_manager_configuration_content_types::api::article.article','{"uid":"api::article.article","settings":{"bulkable":true,"filterable":true,"searchable":true,"pageSize":10,"mainField":"title","defaultSortBy":"title","defaultSortOrder":"ASC"},"metadatas":{"id":{"edit":{},"list":{"label":"id","searchable":true,"sortable":true}},"title":{"edit":{"label":"title","description":"","placeholder":"","visible":true,"editable":true},"list":{"label":"title","searchable":true,"sortable":true}},"createdAt":{"edit":{"label":"createdAt","description":"","placeholder":"","visible":false,"editable":true},"list":{"label":"createdAt","searchable":true,"sortable":true}},"updatedAt":{"edit":{"label":"updatedAt","description":"","placeholder":"","visible":false,"editable":true},"list":{"label":"updatedAt","searchable":true,"sortable":true}}},"layouts":{"list":["id","title","createdAt","updatedAt"],"editRelations":[],"edit":[[{"name":"title","size":6}]]}}','object',NULL,NULL);
INSERT INTO strapi_core_store_settings VALUES(12,'plugin_content_manager_configuration_content_types::api::category.category','{"uid":"api::category.category","settings":{"bulkable":true,"filterable":true,"searchable":true,"pageSize":10,"mainField":"name","defaultSortBy":"name","defaultSortOrder":"ASC"},"metadatas":{"id":{"edit":{},"list":{"label":"id","searchable":true,"sortable":true}},"name":{"edit":{"label":"name","description":"","placeholder":"","visible":true,"editable":true},"list":{"label":"name","searchable":true,"sortable":true}},"restaurants":{"edit":{"label":"restaurants","description":"","placeholder":"","visible":true,"editable":true,"mainField":"name"},"list":{"label":"restaurants","searchable":false,"sortable":false}},"createdAt":{"edit":{"label":"createdAt","description":"","placeholder":"","visible":false,"editable":true},"list":{"label":"createdAt","searchable":true,"sortable":true}},"updatedAt":{"edit":{"label":"updatedAt","description":"","placeholder":"","visible":false,"editable":true},"list":{"label":"updatedAt","searchable":true,"sortable":true}}},"layouts":{"list":["id","name","restaurants","createdAt"],"editRelations":["restaurants"],"edit":[[{"name":"name","size":6}]]}}','object',NULL,NULL);
INSERT INTO strapi_core_store_settings VALUES(13,'plugin_content_manager_configuration_content_types::api::history.history','{"uid":"api::history.history","settings":{"bulkable":true,"filterable":true,"searchable":true,"pageSize":10,"mainField":"id","defaultSortBy":"id","defaultSortOrder":"ASC"},"metadatas":{"id":{"edit":{},"list":{"label":"id","searchable":true,"sortable":true}},"message":{"edit":{"label":"message","description":"","placeholder":"","visible":true,"editable":true},"list":{"label":"message","searchable":true,"sortable":true}},"raw_json":{"edit":{"label":"raw_json","description":"","placeholder":"","visible":true,"editable":true},"list":{"label":"raw_json","searchable":false,"sortable":false}},"raw_result":{"edit":{"label":"raw_result","description":"","placeholder":"","visible":true,"editable":true},"list":{"label":"raw_result","searchable":false,"sortable":false}},"raw_params":{"edit":{"label":"raw_params","description":"","placeholder":"","visible":true,"editable":true},"list":{"label":"raw_params","searchable":false,"sortable":false}},"createdAt":{"edit":{"label":"createdAt","description":"","placeholder":"","visible":false,"editable":true},"list":{"label":"createdAt","searchable":true,"sortable":true}},"updatedAt":{"edit":{"label":"updatedAt","description":"","placeholder":"","visible":false,"editable":true},"list":{"label":"updatedAt","searchable":true,"sortable":true}}},"layouts":{"list":["id","message","createdAt","updatedAt"],"editRelations":[],"edit":[[{"name":"message","size":6}],[{"name":"raw_json","size":12}],[{"name":"raw_result","size":12}],[{"name":"raw_params","size":12}]]}}','object',NULL,NULL);
INSERT INTO strapi_core_store_settings VALUES(14,'plugin_content_manager_configuration_content_types::api::restaurant.restaurant','{"uid":"api::restaurant.restaurant","settings":{"bulkable":true,"filterable":true,"searchable":true,"pageSize":10,"mainField":"name","defaultSortBy":"name","defaultSortOrder":"ASC"},"metadatas":{"id":{"edit":{},"list":{"label":"id","searchable":true,"sortable":true}},"name":{"edit":{"label":"name","description":"","placeholder":"","visible":true,"editable":true},"list":{"label":"name","searchable":true,"sortable":true}},"description":{"edit":{"label":"description","description":"","placeholder":"","visible":true,"editable":true},"list":{"label":"description","searchable":true,"sortable":true}},"categories":{"edit":{"label":"categories","description":"","placeholder":"","visible":true,"editable":true,"mainField":"name"},"list":{"label":"categories","searchable":false,"sortable":false}},"createdAt":{"edit":{"label":"createdAt","description":"","placeholder":"","visible":false,"editable":true},"list":{"label":"createdAt","searchable":true,"sortable":true}},"updatedAt":{"edit":{"label":"updatedAt","description":"","placeholder":"","visible":false,"editable":true},"list":{"label":"updatedAt","searchable":true,"sortable":true}}},"layouts":{"list":["id","name","description","categories"],"editRelations":["categories"],"edit":[[{"name":"name","size":6},{"name":"description","size":6}]]}}','object',NULL,NULL);
INSERT INTO strapi_core_store_settings VALUES(15,'plugin_content_manager_configuration_content_types::api::store.store','{"uid":"api::store.store","settings":{"bulkable":true,"filterable":true,"searchable":true,"pageSize":10,"mainField":"Title","defaultSortBy":"Title","defaultSortOrder":"ASC"},"metadatas":{"id":{"edit":{},"list":{"label":"id","searchable":true,"sortable":true}},"Title":{"edit":{"label":"Title","description":"","placeholder":"","visible":true,"editable":true},"list":{"label":"Title","searchable":true,"sortable":true}},"createdAt":{"edit":{"label":"createdAt","description":"","placeholder":"","visible":false,"editable":true},"list":{"label":"createdAt","searchable":true,"sortable":true}},"updatedAt":{"edit":{"label":"updatedAt","description":"","placeholder":"","visible":false,"editable":true},"list":{"label":"updatedAt","searchable":true,"sortable":true}}},"layouts":{"list":["id","Title","createdAt","updatedAt"],"editRelations":[],"edit":[[{"name":"Title","size":6}]]}}','object',NULL,NULL);
INSERT INTO strapi_core_store_settings VALUES(16,'plugin_content_manager_configuration_content_types::api::test-content1.test-content1','{"uid":"api::test-content1.test-content1","settings":{"bulkable":true,"filterable":true,"searchable":true,"pageSize":10,"mainField":"title","defaultSortBy":"title","defaultSortOrder":"ASC"},"metadatas":{"id":{"edit":{},"list":{"label":"id","searchable":true,"sortable":true}},"title":{"edit":{"label":"title","description":"","placeholder":"","visible":true,"editable":true},"list":{"label":"title","searchable":true,"sortable":true}},"createdAt":{"edit":{"label":"createdAt","description":"","placeholder":"","visible":false,"editable":true},"list":{"label":"createdAt","searchable":true,"sortable":true}},"updatedAt":{"edit":{"label":"updatedAt","description":"","placeholder":"","visible":false,"editable":true},"list":{"label":"updatedAt","searchable":true,"sortable":true}}},"layouts":{"list":["id","title","createdAt","updatedAt"],"editRelations":[],"edit":[[{"name":"title","size":6}]]}}','object',NULL,NULL);
INSERT INTO strapi_core_store_settings VALUES(17,'plugin_upload_settings','{"sizeOptimization":true,"responsiveDimensions":true,"autoOrientation":false}','object',NULL,NULL);
INSERT INTO strapi_core_store_settings VALUES(18,'plugin_i18n_default_locale','"en"','string',NULL,NULL);
INSERT INTO strapi_core_store_settings VALUES(19,'plugin_users-permissions_grant','{"email":{"enabled":true,"icon":"envelope"},"discord":{"enabled":false,"icon":"discord","key":"","secret":"","callback":"api/auth/discord/callback","scope":["identify","email"]},"facebook":{"enabled":false,"icon":"facebook-square","key":"","secret":"","callback":"api/auth/facebook/callback","scope":["email"]},"google":{"enabled":false,"icon":"google","key":"","secret":"","callback":"api/auth/google/callback","scope":["email"]},"github":{"enabled":false,"icon":"github","key":"","secret":"","callback":"api/auth/github/callback","scope":["user","user:email"]},"microsoft":{"enabled":false,"icon":"windows","key":"","secret":"","callback":"api/auth/microsoft/callback","scope":["user.read"]},"twitter":{"enabled":false,"icon":"twitter","key":"","secret":"","callback":"api/auth/twitter/callback"},"instagram":{"enabled":false,"icon":"instagram","key":"","secret":"","callback":"api/auth/instagram/callback","scope":["user_profile"]},"vk":{"enabled":false,"icon":"vk","key":"","secret":"","callback":"api/auth/vk/callback","scope":["email"]},"twitch":{"enabled":false,"icon":"twitch","key":"","secret":"","callback":"api/auth/twitch/callback","scope":["user:read:email"]},"linkedin":{"enabled":false,"icon":"linkedin","key":"","secret":"","callback":"api/auth/linkedin/callback","scope":["r_liteprofile","r_emailaddress"]},"cognito":{"enabled":false,"icon":"aws","key":"","secret":"","subdomain":"my.subdomain.com","callback":"api/auth/cognito/callback","scope":["email","openid","profile"]},"reddit":{"enabled":false,"icon":"reddit","key":"","secret":"","state":true,"callback":"api/auth/reddit/callback","scope":["identity"]},"auth0":{"enabled":false,"icon":"","key":"","secret":"","subdomain":"my-tenant.eu","callback":"api/auth/auth0/callback","scope":["openid","email","profile"]},"cas":{"enabled":false,"icon":"book","key":"","secret":"","callback":"api/auth/cas/callback","scope":["openid email"],"subdomain":"my.subdomain.com/cas"}}','object',NULL,NULL);
INSERT INTO strapi_core_store_settings VALUES(20,'plugin_users-permissions_email','{"reset_password":{"display":"Email.template.reset_password","icon":"sync","options":{"from":{"name":"Administration Panel","email":"no-reply@strapi.io"},"response_email":"","object":"Reset password","message":"<p>We heard that you lost your password. Sorry about that!</p>\n\n<p>But dont worry! You can use the following link to reset your password:</p>\n<p><%= URL %>?code=<%= TOKEN %></p>\n\n<p>Thanks.</p>"}},"email_confirmation":{"display":"Email.template.email_confirmation","icon":"check-square","options":{"from":{"name":"Administration Panel","email":"no-reply@strapi.io"},"response_email":"","object":"Account confirmation","message":"<p>Thank you for registering!</p>\n\n<p>You have to confirm your email address. Please click on the link below.</p>\n\n<p><%= URL %>?confirmation=<%= CODE %></p>\n\n<p>Thanks.</p>"}}}','object',NULL,NULL);
INSERT INTO strapi_core_store_settings VALUES(21,'plugin_users-permissions_advanced','{"unique_email":true,"allow_register":true,"email_confirmation":false,"email_reset_password":null,"email_confirmation_redirection":null,"default_role":"authenticated"}','object',NULL,NULL);
INSERT INTO strapi_core_store_settings VALUES(22,'core_admin_auth','{"providers":{"autoRegister":false,"defaultRole":null}}','object',NULL,NULL);
CREATE TABLE `strapi_webhooks` (`id` integer not null primary key autoincrement, `name` varchar(255) null, `url` text null, `headers` json null, `events` json null, `enabled` boolean null);
CREATE TABLE `admin_permissions` (`id` integer not null primary key autoincrement, `action` varchar(255) null, `subject` varchar(255) null, `properties` json null, `conditions` json null, `created_at` datetime null, `updated_at` datetime null, `created_by_id` integer null, `updated_by_id` integer null, constraint `admin_permissions_created_by_id_fk` foreign key(`created_by_id`) references `admin_users`(`id`) on delete SET NULL, constraint `admin_permissions_updated_by_id_fk` foreign key(`updated_by_id`) references `admin_users`(`id`) on delete SET NULL);
INSERT INTO admin_permissions VALUES(1,'plugin::content-manager.explorer.create','api::article.article','{"fields":["title"]}','[]',1649240782322,1649240782322,NULL,NULL);
INSERT INTO admin_permissions VALUES(2,'plugin::content-manager.explorer.create','api::category.category','{"fields":["name","restaurants"]}','[]',1649240782355,1649240782355,NULL,NULL);
INSERT INTO admin_permissions VALUES(3,'plugin::content-manager.explorer.create','api::history.history','{"fields":["message","raw_json","raw_result","raw_params"]}','[]',1649240782394,1649240782394,NULL,NULL);
INSERT INTO admin_permissions VALUES(4,'plugin::content-manager.explorer.create','api::restaurant.restaurant','{"fields":["name","description","categories"]}','[]',1649240782420,1649240782420,NULL,NULL);
INSERT INTO admin_permissions VALUES(5,'plugin::content-manager.explorer.create','api::store.store','{"fields":["Title"]}','[]',1649240782458,1649240782458,NULL,NULL);
INSERT INTO admin_permissions VALUES(6,'plugin::content-manager.explorer.create','api::test-content1.test-content1','{"fields":["title"]}','[]',1649240782498,1649240782498,NULL,NULL);
INSERT INTO admin_permissions VALUES(7,'plugin::content-manager.explorer.read','api::article.article','{"fields":["title"]}','[]',1649240782525,1649240782525,NULL,NULL);
INSERT INTO admin_permissions VALUES(8,'plugin::content-manager.explorer.read','api::category.category','{"fields":["name","restaurants"]}','[]',1649240782566,1649240782566,NULL,NULL);
INSERT INTO admin_permissions VALUES(9,'plugin::content-manager.explorer.read','api::history.history','{"fields":["message","raw_json","raw_result","raw_params"]}','[]',1649240782597,1649240782597,NULL,NULL);
INSERT INTO admin_permissions VALUES(10,'plugin::content-manager.explorer.read','api::restaurant.restaurant','{"fields":["name","description","categories"]}','[]',1649240782629,1649240782629,NULL,NULL);
INSERT INTO admin_permissions VALUES(11,'plugin::content-manager.explorer.read','api::store.store','{"fields":["Title"]}','[]',1649240782669,1649240782669,NULL,NULL);
INSERT INTO admin_permissions VALUES(12,'plugin::content-manager.explorer.read','api::test-content1.test-content1','{"fields":["title"]}','[]',1649240782696,1649240782696,NULL,NULL);
INSERT INTO admin_permissions VALUES(13,'plugin::content-manager.explorer.update','api::article.article','{"fields":["title"]}','[]',1649240782734,1649240782734,NULL,NULL);
INSERT INTO admin_permissions VALUES(14,'plugin::content-manager.explorer.update','api::category.category','{"fields":["name","restaurants"]}','[]',1649240782769,1649240782769,NULL,NULL);
INSERT INTO admin_permissions VALUES(15,'plugin::content-manager.explorer.update','api::history.history','{"fields":["message","raw_json","raw_result","raw_params"]}','[]',1649240782797,1649240782797,NULL,NULL);
INSERT INTO admin_permissions VALUES(16,'plugin::content-manager.explorer.update','api::restaurant.restaurant','{"fields":["name","description","categories"]}','[]',1649240782838,1649240782838,NULL,NULL);
INSERT INTO admin_permissions VALUES(17,'plugin::content-manager.explorer.update','api::store.store','{"fields":["Title"]}','[]',1649240782869,1649240782869,NULL,NULL);
INSERT INTO admin_permissions VALUES(18,'plugin::content-manager.explorer.update','api::test-content1.test-content1','{"fields":["title"]}','[]',1649240782901,1649240782901,NULL,NULL);
INSERT INTO admin_permissions VALUES(19,'plugin::content-manager.explorer.delete','api::article.article','{}','[]',1649240782942,1649240782942,NULL,NULL);
INSERT INTO admin_permissions VALUES(20,'plugin::content-manager.explorer.delete','api::category.category','{}','[]',1649240782969,1649240782969,NULL,NULL);
INSERT INTO admin_permissions VALUES(21,'plugin::content-manager.explorer.delete','api::history.history','{}','[]',1649240783007,1649240783007,NULL,NULL);
INSERT INTO admin_permissions VALUES(22,'plugin::content-manager.explorer.delete','api::restaurant.restaurant','{}','[]',1649240783041,1649240783041,NULL,NULL);
INSERT INTO admin_permissions VALUES(23,'plugin::content-manager.explorer.delete','api::store.store','{}','[]',1649240783067,1649240783067,NULL,NULL);
INSERT INTO admin_permissions VALUES(24,'plugin::content-manager.explorer.delete','api::test-content1.test-content1','{}','[]',1649240783109,1649240783109,NULL,NULL);
INSERT INTO admin_permissions VALUES(25,'plugin::content-manager.explorer.publish','api::category.category','{}','[]',1649240783139,1649240783139,NULL,NULL);
INSERT INTO admin_permissions VALUES(26,'plugin::content-manager.explorer.publish','api::restaurant.restaurant','{}','[]',1649240783171,1649240783171,NULL,NULL);
INSERT INTO admin_permissions VALUES(27,'plugin::upload.read',NULL,'{}','[]',1649240783210,1649240783210,NULL,NULL);
INSERT INTO admin_permissions VALUES(28,'plugin::upload.assets.create',NULL,'{}','[]',1649240783238,1649240783238,NULL,NULL);
INSERT INTO admin_permissions VALUES(29,'plugin::upload.assets.update',NULL,'{}','[]',1649240783276,1649240783276,NULL,NULL);
INSERT INTO admin_permissions VALUES(30,'plugin::upload.assets.download',NULL,'{}','[]',1649240783311,1649240783311,NULL,NULL);
INSERT INTO admin_permissions VALUES(31,'plugin::upload.assets.copy-link',NULL,'{}','[]',1649240783338,1649240783338,NULL,NULL);
INSERT INTO admin_permissions VALUES(32,'plugin::content-manager.explorer.create','api::article.article','{"fields":["title"]}','["admin::is-creator"]',1649240783388,1649240783388,NULL,NULL);
INSERT INTO admin_permissions VALUES(33,'plugin::content-manager.explorer.create','api::category.category','{"fields":["name","restaurants"]}','["admin::is-creator"]',1649240783429,1649240783429,NULL,NULL);
INSERT INTO admin_permissions VALUES(34,'plugin::content-manager.explorer.create','api::history.history','{"fields":["message","raw_json","raw_result","raw_params"]}','["admin::is-creator"]',1649240783466,1649240783466,NULL,NULL);
INSERT INTO admin_permissions VALUES(35,'plugin::content-manager.explorer.create','api::restaurant.restaurant','{"fields":["name","description","categories"]}','["admin::is-creator"]',1649240783505,1649240783505,NULL,NULL);
INSERT INTO admin_permissions VALUES(36,'plugin::content-manager.explorer.create','api::store.store','{"fields":["Title"]}','["admin::is-creator"]',1649240783532,1649240783532,NULL,NULL);
INSERT INTO admin_permissions VALUES(37,'plugin::content-manager.explorer.create','api::test-content1.test-content1','{"fields":["title"]}','["admin::is-creator"]',1649240783570,1649240783570,NULL,NULL);
INSERT INTO admin_permissions VALUES(38,'plugin::content-manager.explorer.read','api::article.article','{"fields":["title"]}','["admin::is-creator"]',1649240783604,1649240783604,NULL,NULL);
INSERT INTO admin_permissions VALUES(39,'plugin::content-manager.explorer.read','api::category.category','{"fields":["name","restaurants"]}','["admin::is-creator"]',1649240783631,1649240783631,NULL,NULL);
INSERT INTO admin_permissions VALUES(40,'plugin::content-manager.explorer.read','api::history.history','{"fields":["message","raw_json","raw_result","raw_params"]}','["admin::is-creator"]',1649240783675,1649240783675,NULL,NULL);
INSERT INTO admin_permissions VALUES(41,'plugin::content-manager.explorer.read','api::restaurant.restaurant','{"fields":["name","description","categories"]}','["admin::is-creator"]',1649240783703,1649240783703,NULL,NULL);
INSERT INTO admin_permissions VALUES(42,'plugin::content-manager.explorer.read','api::store.store','{"fields":["Title"]}','["admin::is-creator"]',1649240783738,1649240783738,NULL,NULL);
INSERT INTO admin_permissions VALUES(43,'plugin::content-manager.explorer.read','api::test-content1.test-content1','{"fields":["title"]}','["admin::is-creator"]',1649240783778,1649240783778,NULL,NULL);
INSERT INTO admin_permissions VALUES(44,'plugin::content-manager.explorer.update','api::article.article','{"fields":["title"]}','["admin::is-creator"]',1649240783804,1649240783804,NULL,NULL);
INSERT INTO admin_permissions VALUES(45,'plugin::content-manager.explorer.update','api::category.category','{"fields":["name","restaurants"]}','["admin::is-creator"]',1649240783843,1649240783843,NULL,NULL);
INSERT INTO admin_permissions VALUES(46,'plugin::content-manager.explorer.update','api::history.history','{"fields":["message","raw_json","raw_result","raw_params"]}','["admin::is-creator"]',1649240783875,1649240783875,NULL,NULL);
INSERT INTO admin_permissions VALUES(47,'plugin::content-manager.explorer.update','api::restaurant.restaurant','{"fields":["name","description","categories"]}','["admin::is-creator"]',1649240783908,1649240783908,NULL,NULL);
INSERT INTO admin_permissions VALUES(48,'plugin::content-manager.explorer.update','api::store.store','{"fields":["Title"]}','["admin::is-creator"]',1649240783950,1649240783950,NULL,NULL);
INSERT INTO admin_permissions VALUES(49,'plugin::content-manager.explorer.update','api::test-content1.test-content1','{"fields":["title"]}','["admin::is-creator"]',1649240783977,1649240783977,NULL,NULL);
INSERT INTO admin_permissions VALUES(50,'plugin::content-manager.explorer.delete','api::article.article','{}','["admin::is-creator"]',1649240784032,1649240784032,NULL,NULL);
INSERT INTO admin_permissions VALUES(51,'plugin::content-manager.explorer.delete','api::category.category','{}','["admin::is-creator"]',1649240784065,1649240784065,NULL,NULL);
INSERT INTO admin_permissions VALUES(52,'plugin::content-manager.explorer.delete','api::history.history','{}','["admin::is-creator"]',1649240784095,1649240784095,NULL,NULL);
INSERT INTO admin_permissions VALUES(53,'plugin::content-manager.explorer.delete','api::restaurant.restaurant','{}','["admin::is-creator"]',1649240784137,1649240784137,NULL,NULL);
INSERT INTO admin_permissions VALUES(54,'plugin::content-manager.explorer.delete','api::store.store','{}','["admin::is-creator"]',1649240784165,1649240784165,NULL,NULL);
INSERT INTO admin_permissions VALUES(55,'plugin::content-manager.explorer.delete','api::test-content1.test-content1','{}','["admin::is-creator"]',1649240784202,1649240784202,NULL,NULL);
INSERT INTO admin_permissions VALUES(56,'plugin::upload.read',NULL,'{}','["admin::is-creator"]',1649240784240,1649240784240,NULL,NULL);
INSERT INTO admin_permissions VALUES(57,'plugin::upload.assets.create',NULL,'{}','[]',1649240784267,1649240784267,NULL,NULL);
INSERT INTO admin_permissions VALUES(58,'plugin::upload.assets.update',NULL,'{}','["admin::is-creator"]',1649240784307,1649240784307,NULL,NULL);
INSERT INTO admin_permissions VALUES(59,'plugin::upload.assets.download',NULL,'{}','[]',1649240784339,1649240784339,NULL,NULL);
INSERT INTO admin_permissions VALUES(60,'plugin::upload.assets.copy-link',NULL,'{}','[]',1649240784368,1649240784368,NULL,NULL);
INSERT INTO admin_permissions VALUES(61,'plugin::content-manager.explorer.create','plugin::users-permissions.user','{"fields":["username","email","provider","password","resetPasswordToken","confirmationToken","confirmed","blocked","role"]}','[]',1649240784467,1649240784467,NULL,NULL);
INSERT INTO admin_permissions VALUES(62,'plugin::content-manager.explorer.create','api::article.article','{"fields":["title"]}','[]',1649240784496,1649240784496,NULL,NULL);
INSERT INTO admin_permissions VALUES(63,'plugin::content-manager.explorer.create','api::category.category','{"fields":["name","restaurants"]}','[]',1649240784533,1649240784533,NULL,NULL);
INSERT INTO admin_permissions VALUES(64,'plugin::content-manager.explorer.create','api::history.history','{"fields":["message","raw_json","raw_result","raw_params"]}','[]',1649240784571,1649240784571,NULL,NULL);
INSERT INTO admin_permissions VALUES(65,'plugin::content-manager.explorer.create','api::restaurant.restaurant','{"fields":["name","description","categories"]}','[]',1649240784599,1649240784599,NULL,NULL);
INSERT INTO admin_permissions VALUES(66,'plugin::content-manager.explorer.create','api::store.store','{"fields":["Title"]}','[]',1649240784640,1649240784640,NULL,NULL);
INSERT INTO admin_permissions VALUES(67,'plugin::content-manager.explorer.create','api::test-content1.test-content1','{"fields":["title"]}','[]',1649240784673,1649240784673,NULL,NULL);
INSERT INTO admin_permissions VALUES(68,'plugin::content-manager.explorer.read','plugin::users-permissions.user','{"fields":["username","email","provider","password","resetPasswordToken","confirmationToken","confirmed","blocked","role"]}','[]',1649240784702,1649240784702,NULL,NULL);
INSERT INTO admin_permissions VALUES(69,'plugin::content-manager.explorer.read','api::article.article','{"fields":["title"]}','[]',1649240784742,1649240784742,NULL,NULL);
INSERT INTO admin_permissions VALUES(70,'plugin::content-manager.explorer.read','api::category.category','{"fields":["name","restaurants"]}','[]',1649240784771,1649240784771,NULL,NULL);
INSERT INTO admin_permissions VALUES(71,'plugin::content-manager.explorer.read','api::history.history','{"fields":["message","raw_json","raw_result","raw_params"]}','[]',1649240784806,1649240784806,NULL,NULL);
INSERT INTO admin_permissions VALUES(72,'plugin::content-manager.explorer.read','api::restaurant.restaurant','{"fields":["name","description","categories"]}','[]',1649240784843,1649240784843,NULL,NULL);
INSERT INTO admin_permissions VALUES(73,'plugin::content-manager.explorer.read','api::store.store','{"fields":["Title"]}','[]',1649240784870,1649240784870,NULL,NULL);
INSERT INTO admin_permissions VALUES(74,'plugin::content-manager.explorer.read','api::test-content1.test-content1','{"fields":["title"]}','[]',1649240784912,1649240784912,NULL,NULL);
INSERT INTO admin_permissions VALUES(75,'plugin::content-manager.explorer.update','plugin::users-permissions.user','{"fields":["username","email","provider","password","resetPasswordToken","confirmationToken","confirmed","blocked","role"]}','[]',1649240784949,1649240784949,NULL,NULL);
INSERT INTO admin_permissions VALUES(76,'plugin::content-manager.explorer.update','api::article.article','{"fields":["title"]}','[]',1649240784983,1649240784983,NULL,NULL);
INSERT INTO admin_permissions VALUES(77,'plugin::content-manager.explorer.update','api::category.category','{"fields":["name","restaurants"]}','[]',1649240785024,1649240785024,NULL,NULL);
INSERT INTO admin_permissions VALUES(78,'plugin::content-manager.explorer.update','api::history.history','{"fields":["message","raw_json","raw_result","raw_params"]}','[]',1649240785052,1649240785052,NULL,NULL);
INSERT INTO admin_permissions VALUES(79,'plugin::content-manager.explorer.update','api::restaurant.restaurant','{"fields":["name","description","categories"]}','[]',1649240785087,1649240785087,NULL,NULL);
INSERT INTO admin_permissions VALUES(80,'plugin::content-manager.explorer.update','api::store.store','{"fields":["Title"]}','[]',1649240785124,1649240785124,NULL,NULL);
INSERT INTO admin_permissions VALUES(81,'plugin::content-manager.explorer.update','api::test-content1.test-content1','{"fields":["title"]}','[]',1649240785152,1649240785152,NULL,NULL);
INSERT INTO admin_permissions VALUES(82,'plugin::content-manager.explorer.delete','plugin::users-permissions.user','{}','[]',1649240785193,1649240785193,NULL,NULL);
INSERT INTO admin_permissions VALUES(83,'plugin::content-manager.explorer.delete','api::article.article','{}','[]',1649240785227,1649240785227,NULL,NULL);
INSERT INTO admin_permissions VALUES(84,'plugin::content-manager.explorer.delete','api::category.category','{}','[]',1649240785256,1649240785256,NULL,NULL);
INSERT INTO admin_permissions VALUES(85,'plugin::content-manager.explorer.delete','api::history.history','{}','[]',1649240785300,1649240785300,NULL,NULL);
INSERT INTO admin_permissions VALUES(86,'plugin::content-manager.explorer.delete','api::restaurant.restaurant','{}','[]',1649240785332,1649240785332,NULL,NULL);
INSERT INTO admin_permissions VALUES(87,'plugin::content-manager.explorer.delete','api::store.store','{}','[]',1649240785369,1649240785369,NULL,NULL);
INSERT INTO admin_permissions VALUES(88,'plugin::content-manager.explorer.delete','api::test-content1.test-content1','{}','[]',1649240785407,1649240785407,NULL,NULL);
INSERT INTO admin_permissions VALUES(89,'plugin::content-manager.explorer.publish','api::category.category','{}','[]',1649240785434,1649240785434,NULL,NULL);
INSERT INTO admin_permissions VALUES(90,'plugin::content-manager.explorer.publish','api::restaurant.restaurant','{}','[]',1649240785473,1649240785473,NULL,NULL);
INSERT INTO admin_permissions VALUES(91,'plugin::content-manager.single-types.configure-view',NULL,'{}','[]',1649240785506,1649240785506,NULL,NULL);
INSERT INTO admin_permissions VALUES(92,'plugin::content-manager.collection-types.configure-view',NULL,'{}','[]',1649240785538,1649240785538,NULL,NULL);
INSERT INTO admin_permissions VALUES(93,'plugin::content-manager.components.configure-layout',NULL,'{}','[]',1649240785584,1649240785584,NULL,NULL);
INSERT INTO admin_permissions VALUES(94,'plugin::content-type-builder.read',NULL,'{}','[]',1649240785613,1649240785613,NULL,NULL);
INSERT INTO admin_permissions VALUES(95,'plugin::email.settings.read',NULL,'{}','[]',1649240785650,1649240785650,NULL,NULL);
INSERT INTO admin_permissions VALUES(96,'plugin::upload.read',NULL,'{}','[]',1649240785688,1649240785688,NULL,NULL);
INSERT INTO admin_permissions VALUES(97,'plugin::upload.assets.create',NULL,'{}','[]',1649240785718,1649240785718,NULL,NULL);
INSERT INTO admin_permissions VALUES(98,'plugin::upload.assets.update',NULL,'{}','[]',1649240785760,1649240785760,NULL,NULL);
INSERT INTO admin_permissions VALUES(99,'plugin::upload.assets.download',NULL,'{}','[]',1649240785793,1649240785793,NULL,NULL);
INSERT INTO admin_permissions VALUES(100,'plugin::upload.assets.copy-link',NULL,'{}','[]',1649240785822,1649240785822,NULL,NULL);
INSERT INTO admin_permissions VALUES(101,'plugin::upload.settings.read',NULL,'{}','[]',1649240785867,1649240785867,NULL,NULL);
INSERT INTO admin_permissions VALUES(102,'plugin::i18n.locale.create',NULL,'{}','[]',1649240785897,1649240785897,NULL,NULL);
INSERT INTO admin_permissions VALUES(103,'plugin::i18n.locale.read',NULL,'{}','[]',1649240785933,1649240785933,NULL,NULL);
INSERT INTO admin_permissions VALUES(104,'plugin::i18n.locale.update',NULL,'{}','[]',1649240785971,1649240785971,NULL,NULL);
INSERT INTO admin_permissions VALUES(105,'plugin::i18n.locale.delete',NULL,'{}','[]',1649240786000,1649240786000,NULL,NULL);
INSERT INTO admin_permissions VALUES(106,'plugin::users-permissions.roles.create',NULL,'{}','[]',1649240786040,1649240786040,NULL,NULL);
INSERT INTO admin_permissions VALUES(107,'plugin::users-permissions.roles.read',NULL,'{}','[]',1649240786073,1649240786073,NULL,NULL);
INSERT INTO admin_permissions VALUES(108,'plugin::users-permissions.roles.update',NULL,'{}','[]',1649240786102,1649240786102,NULL,NULL);
INSERT INTO admin_permissions VALUES(109,'plugin::users-permissions.roles.delete',NULL,'{}','[]',1649240786143,1649240786143,NULL,NULL);
INSERT INTO admin_permissions VALUES(110,'plugin::users-permissions.providers.read',NULL,'{}','[]',1649240786172,1649240786172,NULL,NULL);
INSERT INTO admin_permissions VALUES(111,'plugin::users-permissions.providers.update',NULL,'{}','[]',1649240786208,1649240786208,NULL,NULL);
INSERT INTO admin_permissions VALUES(112,'plugin::users-permissions.email-templates.read',NULL,'{}','[]',1649240786245,1649240786245,NULL,NULL);
INSERT INTO admin_permissions VALUES(113,'plugin::users-permissions.email-templates.update',NULL,'{}','[]',1649240786273,1649240786273,NULL,NULL);
INSERT INTO admin_permissions VALUES(114,'plugin::users-permissions.advanced-settings.read',NULL,'{}','[]',1649240786316,1649240786316,NULL,NULL);
INSERT INTO admin_permissions VALUES(115,'plugin::users-permissions.advanced-settings.update',NULL,'{}','[]',1649240786353,1649240786353,NULL,NULL);
INSERT INTO admin_permissions VALUES(116,'admin::marketplace.read',NULL,'{}','[]',1649240786390,1649240786390,NULL,NULL);
INSERT INTO admin_permissions VALUES(117,'admin::marketplace.plugins.install',NULL,'{}','[]',1649240786431,1649240786431,NULL,NULL);
INSERT INTO admin_permissions VALUES(118,'admin::marketplace.plugins.uninstall',NULL,'{}','[]',1649240786459,1649240786459,NULL,NULL);
INSERT INTO admin_permissions VALUES(119,'admin::webhooks.create',NULL,'{}','[]',1649240786500,1649240786500,NULL,NULL);
INSERT INTO admin_permissions VALUES(120,'admin::webhooks.read',NULL,'{}','[]',1649240786536,1649240786536,NULL,NULL);
INSERT INTO admin_permissions VALUES(121,'admin::webhooks.update',NULL,'{}','[]',1649240786562,1649240786562,NULL,NULL);
INSERT INTO admin_permissions VALUES(122,'admin::webhooks.delete',NULL,'{}','[]',1649240786606,1649240786606,NULL,NULL);
INSERT INTO admin_permissions VALUES(123,'admin::users.create',NULL,'{}','[]',1649240786638,1649240786638,NULL,NULL);
INSERT INTO admin_permissions VALUES(124,'admin::users.read',NULL,'{}','[]',1649240786672,1649240786672,NULL,NULL);
INSERT INTO admin_permissions VALUES(125,'admin::users.update',NULL,'{}','[]',1649240786712,1649240786712,NULL,NULL);
INSERT INTO admin_permissions VALUES(126,'admin::users.delete',NULL,'{}','[]',1649240786740,1649240786740,NULL,NULL);
INSERT INTO admin_permissions VALUES(127,'admin::roles.create',NULL,'{}','[]',1649240786776,1649240786776,NULL,NULL);
INSERT INTO admin_permissions VALUES(128,'admin::roles.read',NULL,'{}','[]',1649240786810,1649240786810,NULL,NULL);
INSERT INTO admin_permissions VALUES(129,'admin::roles.update',NULL,'{}','[]',1649240786837,1649240786837,NULL,NULL);
INSERT INTO admin_permissions VALUES(130,'admin::roles.delete',NULL,'{}','[]',1649240786869,1649240786869,NULL,NULL);
INSERT INTO admin_permissions VALUES(131,'admin::api-tokens.create',NULL,'{}','[]',1649240786899,1649240786899,NULL,NULL);
INSERT INTO admin_permissions VALUES(132,'admin::api-tokens.read',NULL,'{}','[]',1649240786932,1649240786932,NULL,NULL);
INSERT INTO admin_permissions VALUES(133,'admin::api-tokens.update',NULL,'{}','[]',1649240786963,1649240786963,NULL,NULL);
INSERT INTO admin_permissions VALUES(134,'admin::api-tokens.delete',NULL,'{}','[]',1649240786995,1649240786995,NULL,NULL);
CREATE TABLE `admin_users` (`id` integer not null primary key autoincrement, `firstname` varchar(255) null, `lastname` varchar(255) null, `username` varchar(255) null, `email` varchar(255) null, `password` varchar(255) null, `reset_password_token` varchar(255) null, `registration_token` varchar(255) null, `is_active` boolean null, `blocked` boolean null, `prefered_language` varchar(255) null, `created_at` datetime null, `updated_at` datetime null, `created_by_id` integer null, `updated_by_id` integer null, constraint `admin_users_created_by_id_fk` foreign key(`created_by_id`) references `admin_users`(`id`) on delete SET NULL, constraint `admin_users_updated_by_id_fk` foreign key(`updated_by_id`) references `admin_users`(`id`) on delete SET NULL);
INSERT INTO admin_users VALUES(1,'hello','world',NULL,'helloworld@gmail.com','$2a$10$NSjH7ctCnZ7MDbLbthQRKeE264wF.56zhNbw70J4iSCMHyCzfQbFm',NULL,NULL,1,0,NULL,1649240803638,1649240803638,NULL,NULL);
CREATE TABLE `admin_roles` (`id` integer not null primary key autoincrement, `name` varchar(255) null, `code` varchar(255) null, `description` varchar(255) null, `created_at` datetime null, `updated_at` datetime null, `created_by_id` integer null, `updated_by_id` integer null, constraint `admin_roles_created_by_id_fk` foreign key(`created_by_id`) references `admin_users`(`id`) on delete SET NULL, constraint `admin_roles_updated_by_id_fk` foreign key(`updated_by_id`) references `admin_users`(`id`) on delete SET NULL);
INSERT INTO admin_roles VALUES(1,'Super Admin','strapi-super-admin','Super Admins can access and manage all features and settings.',1649240782256,1649240782256,NULL,NULL);
INSERT INTO admin_roles VALUES(2,'Editor','strapi-editor','Editors can manage and publish contents including those of other users.',1649240782281,1649240782281,NULL,NULL);
INSERT INTO admin_roles VALUES(3,'Author','strapi-author','Authors can manage the content they have created.',1649240782300,1649240782300,NULL,NULL);
CREATE TABLE `strapi_api_tokens` (`id` integer not null primary key autoincrement, `name` varchar(255) null, `description` varchar(255) null, `type` varchar(255) null, `access_key` varchar(255) null, `created_at` datetime null, `updated_at` datetime null, `created_by_id` integer null, `updated_by_id` integer null, constraint `strapi_api_tokens_created_by_id_fk` foreign key(`created_by_id`) references `admin_users`(`id`) on delete SET NULL, constraint `strapi_api_tokens_updated_by_id_fk` foreign key(`updated_by_id`) references `admin_users`(`id`) on delete SET NULL);
CREATE TABLE `files` (`id` integer not null primary key autoincrement, `name` varchar(255) null, `alternative_text` varchar(255) null, `caption` varchar(255) null, `width` integer null, `height` integer null, `formats` json null, `hash` varchar(255) null, `ext` varchar(255) null, `mime` varchar(255) null, `size` float null, `url` varchar(255) null, `preview_url` varchar(255) null, `provider` varchar(255) null, `provider_metadata` json null, `created_at` datetime null, `updated_at` datetime null, `created_by_id` integer null, `updated_by_id` integer null, constraint `files_created_by_id_fk` foreign key(`created_by_id`) references `admin_users`(`id`) on delete SET NULL, constraint `files_updated_by_id_fk` foreign key(`updated_by_id`) references `admin_users`(`id`) on delete SET NULL);
CREATE TABLE `i18n_locale` (`id` integer not null primary key autoincrement, `name` varchar(255) null, `code` varchar(255) null, `created_at` datetime null, `updated_at` datetime null, `created_by_id` integer null, `updated_by_id` integer null, constraint `i18n_locale_created_by_id_fk` foreign key(`created_by_id`) references `admin_users`(`id`) on delete SET NULL, constraint `i18n_locale_updated_by_id_fk` foreign key(`updated_by_id`) references `admin_users`(`id`) on delete SET NULL);
INSERT INTO i18n_locale VALUES(1,'English (en)','en',1649240781695,1649240781695,NULL,NULL);
CREATE TABLE `up_permissions` (`id` integer not null primary key autoincrement, `action` varchar(255) null, `created_at` datetime null, `updated_at` datetime null, `created_by_id` integer null, `updated_by_id` integer null, constraint `up_permissions_created_by_id_fk` foreign key(`created_by_id`) references `admin_users`(`id`) on delete SET NULL, constraint `up_permissions_updated_by_id_fk` foreign key(`updated_by_id`) references `admin_users`(`id`) on delete SET NULL);
INSERT INTO up_permissions VALUES(1,'plugin::users-permissions.auth.connect',1649240781866,1649240781866,NULL,NULL);
INSERT INTO up_permissions VALUES(2,'plugin::users-permissions.user.me',1649240781866,1649240781866,NULL,NULL);
INSERT INTO up_permissions VALUES(5,'plugin::users-permissions.auth.callback',1649240781935,1649240781935,NULL,NULL);
INSERT INTO up_permissions VALUES(6,'plugin::users-permissions.auth.connect',1649240781935,1649240781935,NULL,NULL);
INSERT INTO up_permissions VALUES(9,'plugin::users-permissions.auth.register',1649240781935,1649240781935,NULL,NULL);
INSERT INTO up_permissions VALUES(11,'plugin::users-permissions.user.me',1649240781935,1649240781935,NULL,NULL);
CREATE TABLE `up_roles` (`id` integer not null primary key autoincrement, `name` varchar(255) null, `description` varchar(255) null, `type` varchar(255) null, `created_at` datetime null, `updated_at` datetime null, `created_by_id` integer null, `updated_by_id` integer null, constraint `up_roles_created_by_id_fk` foreign key(`created_by_id`) references `admin_users`(`id`) on delete SET NULL, constraint `up_roles_updated_by_id_fk` foreign key(`updated_by_id`) references `admin_users`(`id`) on delete SET NULL);
INSERT INTO up_roles VALUES(1,'Authenticated','Default role given to authenticated user.','authenticated',1649240781829,1649240781829,NULL,NULL);
INSERT INTO up_roles VALUES(2,'Public','Default role given to unauthenticated user.','public',1649240781844,1649240781844,NULL,NULL);
CREATE TABLE `up_users` (`id` integer not null primary key autoincrement, `username` varchar(255) null, `email` varchar(255) null, `provider` varchar(255) null, `password` varchar(255) null, `reset_password_token` varchar(255) null, `confirmation_token` varchar(255) null, `confirmed` boolean null, `blocked` boolean null, `created_at` datetime null, `updated_at` datetime null, `created_by_id` integer null, `updated_by_id` integer null, constraint `up_users_created_by_id_fk` foreign key(`created_by_id`) references `admin_users`(`id`) on delete SET NULL, constraint `up_users_updated_by_id_fk` foreign key(`updated_by_id`) references `admin_users`(`id`) on delete SET NULL);
CREATE TABLE `articles` (`id` integer not null primary key autoincrement, `title` varchar(255) null, `created_at` datetime null, `updated_at` datetime null, `created_by_id` integer null, `updated_by_id` integer null, constraint `articles_created_by_id_fk` foreign key(`created_by_id`) references `admin_users`(`id`) on delete SET NULL, constraint `articles_updated_by_id_fk` foreign key(`updated_by_id`) references `admin_users`(`id`) on delete SET NULL);
CREATE TABLE `categories` (`id` integer not null primary key autoincrement, `name` varchar(255) null, `created_at` datetime null, `updated_at` datetime null, `published_at` datetime null, `created_by_id` integer null, `updated_by_id` integer null, constraint `categories_created_by_id_fk` foreign key(`created_by_id`) references `admin_users`(`id`) on delete SET NULL, constraint `categories_updated_by_id_fk` foreign key(`updated_by_id`) references `admin_users`(`id`) on delete SET NULL);
CREATE TABLE `histories` (`id` integer not null primary key autoincrement, `message` text null, `raw_json` json null, `raw_result` json null, `raw_params` json null, `created_at` datetime null, `updated_at` datetime null, `created_by_id` integer null, `updated_by_id` integer null, constraint `histories_created_by_id_fk` foreign key(`created_by_id`) references `admin_users`(`id`) on delete SET NULL, constraint `histories_updated_by_id_fk` foreign key(`updated_by_id`) references `admin_users`(`id`) on delete SET NULL);
CREATE TABLE `restaurants` (`id` integer not null primary key autoincrement, `name` varchar(255) null, `description` varchar(255) null, `created_at` datetime null, `updated_at` datetime null, `published_at` datetime null, `created_by_id` integer null, `updated_by_id` integer null, constraint `restaurants_created_by_id_fk` foreign key(`created_by_id`) references `admin_users`(`id`) on delete SET NULL, constraint `restaurants_updated_by_id_fk` foreign key(`updated_by_id`) references `admin_users`(`id`) on delete SET NULL);
CREATE TABLE `stores` (`id` integer not null primary key autoincrement, `title` varchar(255) null, `created_at` datetime null, `updated_at` datetime null, `created_by_id` integer null, `updated_by_id` integer null, constraint `stores_created_by_id_fk` foreign key(`created_by_id`) references `admin_users`(`id`) on delete SET NULL, constraint `stores_updated_by_id_fk` foreign key(`updated_by_id`) references `admin_users`(`id`) on delete SET NULL);
CREATE TABLE `test_content1s` (`id` integer not null primary key autoincrement, `title` varchar(255) null, `created_at` datetime null, `updated_at` datetime null, `created_by_id` integer null, `updated_by_id` integer null, constraint `test_content1s_created_by_id_fk` foreign key(`created_by_id`) references `admin_users`(`id`) on delete SET NULL, constraint `test_content1s_updated_by_id_fk` foreign key(`updated_by_id`) references `admin_users`(`id`) on delete SET NULL);
CREATE TABLE `admin_permissions_role_links` (`permission_id` integer null, `role_id` integer null, constraint `admin_permissions_role_links_fk` foreign key(`permission_id`) references `admin_permissions`(`id`) on delete CASCADE, constraint `admin_permissions_role_links_inv_fk` foreign key(`role_id`) references `admin_roles`(`id`) on delete CASCADE);
INSERT INTO admin_permissions_role_links VALUES(1,2);
INSERT INTO admin_permissions_role_links VALUES(2,2);
INSERT INTO admin_permissions_role_links VALUES(3,2);
INSERT INTO admin_permissions_role_links VALUES(4,2);
INSERT INTO admin_permissions_role_links VALUES(5,2);
INSERT INTO admin_permissions_role_links VALUES(6,2);
INSERT INTO admin_permissions_role_links VALUES(7,2);
INSERT INTO admin_permissions_role_links VALUES(8,2);
INSERT INTO admin_permissions_role_links VALUES(9,2);
INSERT INTO admin_permissions_role_links VALUES(10,2);
INSERT INTO admin_permissions_role_links VALUES(11,2);
INSERT INTO admin_permissions_role_links VALUES(12,2);
INSERT INTO admin_permissions_role_links VALUES(13,2);
INSERT INTO admin_permissions_role_links VALUES(14,2);
INSERT INTO admin_permissions_role_links VALUES(15,2);
INSERT INTO admin_permissions_role_links VALUES(16,2);
INSERT INTO admin_permissions_role_links VALUES(17,2);
INSERT INTO admin_permissions_role_links VALUES(18,2);
INSERT INTO admin_permissions_role_links VALUES(19,2);
INSERT INTO admin_permissions_role_links VALUES(20,2);
INSERT INTO admin_permissions_role_links VALUES(21,2);
INSERT INTO admin_permissions_role_links VALUES(22,2);
INSERT INTO admin_permissions_role_links VALUES(23,2);
INSERT INTO admin_permissions_role_links VALUES(24,2);
INSERT INTO admin_permissions_role_links VALUES(25,2);
INSERT INTO admin_permissions_role_links VALUES(26,2);
INSERT INTO admin_permissions_role_links VALUES(27,2);
INSERT INTO admin_permissions_role_links VALUES(28,2);
INSERT INTO admin_permissions_role_links VALUES(29,2);
INSERT INTO admin_permissions_role_links VALUES(30,2);
INSERT INTO admin_permissions_role_links VALUES(31,2);
INSERT INTO admin_permissions_role_links VALUES(32,3);
INSERT INTO admin_permissions_role_links VALUES(33,3);
INSERT INTO admin_permissions_role_links VALUES(34,3);
INSERT INTO admin_permissions_role_links VALUES(35,3);
INSERT INTO admin_permissions_role_links VALUES(36,3);
INSERT INTO admin_permissions_role_links VALUES(37,3);
INSERT INTO admin_permissions_role_links VALUES(38,3);
INSERT INTO admin_permissions_role_links VALUES(39,3);
INSERT INTO admin_permissions_role_links VALUES(40,3);
INSERT INTO admin_permissions_role_links VALUES(41,3);
INSERT INTO admin_permissions_role_links VALUES(42,3);
INSERT INTO admin_permissions_role_links VALUES(43,3);
INSERT INTO admin_permissions_role_links VALUES(44,3);
INSERT INTO admin_permissions_role_links VALUES(45,3);
INSERT INTO admin_permissions_role_links VALUES(46,3);
INSERT INTO admin_permissions_role_links VALUES(47,3);
INSERT INTO admin_permissions_role_links VALUES(48,3);
INSERT INTO admin_permissions_role_links VALUES(49,3);
INSERT INTO admin_permissions_role_links VALUES(50,3);
INSERT INTO admin_permissions_role_links VALUES(51,3);
INSERT INTO admin_permissions_role_links VALUES(52,3);
INSERT INTO admin_permissions_role_links VALUES(53,3);
INSERT INTO admin_permissions_role_links VALUES(54,3);
INSERT INTO admin_permissions_role_links VALUES(55,3);
INSERT INTO admin_permissions_role_links VALUES(56,3);
INSERT INTO admin_permissions_role_links VALUES(57,3);
INSERT INTO admin_permissions_role_links VALUES(58,3);
INSERT INTO admin_permissions_role_links VALUES(59,3);
INSERT INTO admin_permissions_role_links VALUES(60,3);
INSERT INTO admin_permissions_role_links VALUES(61,1);
INSERT INTO admin_permissions_role_links VALUES(62,1);
INSERT INTO admin_permissions_role_links VALUES(63,1);
INSERT INTO admin_permissions_role_links VALUES(64,1);
INSERT INTO admin_permissions_role_links VALUES(65,1);
INSERT INTO admin_permissions_role_links VALUES(66,1);
INSERT INTO admin_permissions_role_links VALUES(67,1);
INSERT INTO admin_permissions_role_links VALUES(68,1);
INSERT INTO admin_permissions_role_links VALUES(69,1);
INSERT INTO admin_permissions_role_links VALUES(70,1);
INSERT INTO admin_permissions_role_links VALUES(71,1);
INSERT INTO admin_permissions_role_links VALUES(72,1);
INSERT INTO admin_permissions_role_links VALUES(73,1);
INSERT INTO admin_permissions_role_links VALUES(74,1);
INSERT INTO admin_permissions_role_links VALUES(75,1);
INSERT INTO admin_permissions_role_links VALUES(76,1);
INSERT INTO admin_permissions_role_links VALUES(77,1);
INSERT INTO admin_permissions_role_links VALUES(78,1);
INSERT INTO admin_permissions_role_links VALUES(79,1);
INSERT INTO admin_permissions_role_links VALUES(80,1);
INSERT INTO admin_permissions_role_links VALUES(81,1);
INSERT INTO admin_permissions_role_links VALUES(82,1);
INSERT INTO admin_permissions_role_links VALUES(83,1);
INSERT INTO admin_permissions_role_links VALUES(84,1);
INSERT INTO admin_permissions_role_links VALUES(85,1);
INSERT INTO admin_permissions_role_links VALUES(86,1);
INSERT INTO admin_permissions_role_links VALUES(87,1);
INSERT INTO admin_permissions_role_links VALUES(88,1);
INSERT INTO admin_permissions_role_links VALUES(89,1);
INSERT INTO admin_permissions_role_links VALUES(90,1);
INSERT INTO admin_permissions_role_links VALUES(91,1);
INSERT INTO admin_permissions_role_links VALUES(92,1);
INSERT INTO admin_permissions_role_links VALUES(93,1);
INSERT INTO admin_permissions_role_links VALUES(94,1);
INSERT INTO admin_permissions_role_links VALUES(95,1);
INSERT INTO admin_permissions_role_links VALUES(96,1);
INSERT INTO admin_permissions_role_links VALUES(97,1);
INSERT INTO admin_permissions_role_links VALUES(98,1);
INSERT INTO admin_permissions_role_links VALUES(99,1);
INSERT INTO admin_permissions_role_links VALUES(100,1);
INSERT INTO admin_permissions_role_links VALUES(101,1);
INSERT INTO admin_permissions_role_links VALUES(102,1);
INSERT INTO admin_permissions_role_links VALUES(103,1);
INSERT INTO admin_permissions_role_links VALUES(104,1);
INSERT INTO admin_permissions_role_links VALUES(105,1);
INSERT INTO admin_permissions_role_links VALUES(106,1);
INSERT INTO admin_permissions_role_links VALUES(107,1);
INSERT INTO admin_permissions_role_links VALUES(108,1);
INSERT INTO admin_permissions_role_links VALUES(109,1);
INSERT INTO admin_permissions_role_links VALUES(110,1);
INSERT INTO admin_permissions_role_links VALUES(111,1);
INSERT INTO admin_permissions_role_links VALUES(112,1);
INSERT INTO admin_permissions_role_links VALUES(113,1);
INSERT INTO admin_permissions_role_links VALUES(114,1);
INSERT INTO admin_permissions_role_links VALUES(115,1);
INSERT INTO admin_permissions_role_links VALUES(116,1);
INSERT INTO admin_permissions_role_links VALUES(117,1);
INSERT INTO admin_permissions_role_links VALUES(118,1);
INSERT INTO admin_permissions_role_links VALUES(119,1);
INSERT INTO admin_permissions_role_links VALUES(120,1);
INSERT INTO admin_permissions_role_links VALUES(121,1);
INSERT INTO admin_permissions_role_links VALUES(122,1);
INSERT INTO admin_permissions_role_links VALUES(123,1);
INSERT INTO admin_permissions_role_links VALUES(124,1);
INSERT INTO admin_permissions_role_links VALUES(125,1);
INSERT INTO admin_permissions_role_links VALUES(126,1);
INSERT INTO admin_permissions_role_links VALUES(127,1);
INSERT INTO admin_permissions_role_links VALUES(128,1);
INSERT INTO admin_permissions_role_links VALUES(129,1);
INSERT INTO admin_permissions_role_links VALUES(130,1);
INSERT INTO admin_permissions_role_links VALUES(131,1);
INSERT INTO admin_permissions_role_links VALUES(132,1);
INSERT INTO admin_permissions_role_links VALUES(133,1);
INSERT INTO admin_permissions_role_links VALUES(134,1);
CREATE TABLE `admin_users_roles_links` (`user_id` integer null, `role_id` integer null, constraint `admin_users_roles_links_fk` foreign key(`user_id`) references `admin_users`(`id`) on delete CASCADE, constraint `admin_users_roles_links_inv_fk` foreign key(`role_id`) references `admin_roles`(`id`) on delete CASCADE);
INSERT INTO admin_users_roles_links VALUES(1,1);
CREATE TABLE `up_permissions_role_links` (`permission_id` integer null, `role_id` integer null, constraint `up_permissions_role_links_fk` foreign key(`permission_id`) references `up_permissions`(`id`) on delete CASCADE, constraint `up_permissions_role_links_inv_fk` foreign key(`role_id`) references `up_roles`(`id`) on delete CASCADE);
INSERT INTO up_permissions_role_links VALUES(1,1);
INSERT INTO up_permissions_role_links VALUES(2,1);
INSERT INTO up_permissions_role_links VALUES(5,2);
INSERT INTO up_permissions_role_links VALUES(6,2);
INSERT INTO up_permissions_role_links VALUES(9,2);
INSERT INTO up_permissions_role_links VALUES(11,2);
CREATE TABLE `up_users_role_links` (`user_id` integer null, `role_id` integer null, constraint `up_users_role_links_fk` foreign key(`user_id`) references `up_users`(`id`) on delete CASCADE, constraint `up_users_role_links_inv_fk` foreign key(`role_id`) references `up_roles`(`id`) on delete CASCADE);
CREATE TABLE `categories_restaurants_links` (`category_id` integer null, `restaurant_id` integer null, constraint `categories_restaurants_links_fk` foreign key(`category_id`) references `categories`(`id`) on delete CASCADE, constraint `categories_restaurants_links_inv_fk` foreign key(`restaurant_id`) references `restaurants`(`id`) on delete CASCADE);
CREATE TABLE `restaurants_categories_links` (`restaurant_id` integer null, `category_id` integer null, constraint `restaurants_categories_links_fk` foreign key(`restaurant_id`) references `restaurants`(`id`) on delete CASCADE, constraint `restaurants_categories_links_inv_fk` foreign key(`category_id`) references `categories`(`id`) on delete CASCADE);
CREATE TABLE IF NOT EXISTS "files_related_morphs" (`file_id` integer null, `related_id` integer null, `related_type` varchar(255) null, `field` varchar(255) null, `order` integer null, constraint `files_related_morphs_fk` foreign key(`file_id`) references `files`(`id`) on delete CASCADE, CONSTRAINT files_related_morphs_fk FOREIGN KEY (`file_id`)  REFERENCES `files` (`id`) ON DELETE CASCADE);
DELETE FROM sqlite_sequence;
INSERT INTO sqlite_sequence VALUES('strapi_database_schema',1);
INSERT INTO sqlite_sequence VALUES('strapi_core_store_settings',22);
INSERT INTO sqlite_sequence VALUES('i18n_locale',1);
INSERT INTO sqlite_sequence VALUES('up_roles',2);
INSERT INTO sqlite_sequence VALUES('up_permissions',11);
INSERT INTO sqlite_sequence VALUES('admin_roles',3);
INSERT INTO sqlite_sequence VALUES('admin_permissions',134);
INSERT INTO sqlite_sequence VALUES('admin_users',1);
CREATE INDEX `admin_permissions_created_by_id_fk` on `admin_permissions` (`created_by_id`);
CREATE INDEX `admin_permissions_updated_by_id_fk` on `admin_permissions` (`updated_by_id`);
CREATE INDEX `admin_users_created_by_id_fk` on `admin_users` (`created_by_id`);
CREATE INDEX `admin_users_updated_by_id_fk` on `admin_users` (`updated_by_id`);
CREATE INDEX `admin_roles_created_by_id_fk` on `admin_roles` (`created_by_id`);
CREATE INDEX `admin_roles_updated_by_id_fk` on `admin_roles` (`updated_by_id`);
CREATE INDEX `strapi_api_tokens_created_by_id_fk` on `strapi_api_tokens` (`created_by_id`);
CREATE INDEX `strapi_api_tokens_updated_by_id_fk` on `strapi_api_tokens` (`updated_by_id`);
CREATE INDEX `files_created_by_id_fk` on `files` (`created_by_id`);
CREATE INDEX `files_updated_by_id_fk` on `files` (`updated_by_id`);
CREATE INDEX `i18n_locale_created_by_id_fk` on `i18n_locale` (`created_by_id`);
CREATE INDEX `i18n_locale_updated_by_id_fk` on `i18n_locale` (`updated_by_id`);
CREATE INDEX `up_permissions_created_by_id_fk` on `up_permissions` (`created_by_id`);
CREATE INDEX `up_permissions_updated_by_id_fk` on `up_permissions` (`updated_by_id`);
CREATE INDEX `up_roles_created_by_id_fk` on `up_roles` (`created_by_id`);
CREATE INDEX `up_roles_updated_by_id_fk` on `up_roles` (`updated_by_id`);
CREATE INDEX `up_users_created_by_id_fk` on `up_users` (`created_by_id`);
CREATE INDEX `up_users_updated_by_id_fk` on `up_users` (`updated_by_id`);
CREATE INDEX `articles_created_by_id_fk` on `articles` (`created_by_id`);
CREATE INDEX `articles_updated_by_id_fk` on `articles` (`updated_by_id`);
CREATE INDEX `categories_created_by_id_fk` on `categories` (`created_by_id`);
CREATE INDEX `categories_updated_by_id_fk` on `categories` (`updated_by_id`);
CREATE INDEX `histories_created_by_id_fk` on `histories` (`created_by_id`);
CREATE INDEX `histories_updated_by_id_fk` on `histories` (`updated_by_id`);
CREATE INDEX `restaurants_created_by_id_fk` on `restaurants` (`created_by_id`);
CREATE INDEX `restaurants_updated_by_id_fk` on `restaurants` (`updated_by_id`);
CREATE INDEX `stores_created_by_id_fk` on `stores` (`created_by_id`);
CREATE INDEX `stores_updated_by_id_fk` on `stores` (`updated_by_id`);
CREATE INDEX `test_content1s_created_by_id_fk` on `test_content1s` (`created_by_id`);
CREATE INDEX `test_content1s_updated_by_id_fk` on `test_content1s` (`updated_by_id`);
CREATE INDEX `admin_permissions_role_links_fk` on `admin_permissions_role_links` (`permission_id`);
CREATE INDEX `admin_permissions_role_links_inv_fk` on `admin_permissions_role_links` (`role_id`);
CREATE INDEX `admin_users_roles_links_fk` on `admin_users_roles_links` (`user_id`);
CREATE INDEX `admin_users_roles_links_inv_fk` on `admin_users_roles_links` (`role_id`);
CREATE INDEX `up_permissions_role_links_fk` on `up_permissions_role_links` (`permission_id`);
CREATE INDEX `up_permissions_role_links_inv_fk` on `up_permissions_role_links` (`role_id`);
CREATE INDEX `up_users_role_links_fk` on `up_users_role_links` (`user_id`);
CREATE INDEX `up_users_role_links_inv_fk` on `up_users_role_links` (`role_id`);
CREATE INDEX `categories_restaurants_links_fk` on `categories_restaurants_links` (`category_id`);
CREATE INDEX `categories_restaurants_links_inv_fk` on `categories_restaurants_links` (`restaurant_id`);
CREATE INDEX `restaurants_categories_links_fk` on `restaurants_categories_links` (`restaurant_id`);
CREATE INDEX `restaurants_categories_links_inv_fk` on `restaurants_categories_links` (`category_id`);
CREATE INDEX `files_related_morphs_fk` on `files_related_morphs` (`file_id`);
COMMIT;
