PRAGMA foreign_keys=OFF;
BEGIN TRANSACTION;
CREATE TABLE `strapi_migrations` (`id` integer not null primary key autoincrement, `name` varchar(255), `time` datetime);
CREATE TABLE `strapi_database_schema` (`id` integer not null primary key autoincrement, `schema` json, `time` datetime, `hash` varchar(255));
INSERT INTO strapi_database_schema VALUES(12,'{"tables":[{"name":"strapi_core_store_settings","indexes":[],"foreignKeys":[],"columns":[{"name":"id","type":"increments","args":[{"primary":true,"primaryKey":true}],"defaultTo":null,"notNullable":true,"unsigned":false},{"name":"key","type":"string","args":[],"defaultTo":null,"notNullable":false,"unsigned":false},{"name":"value","type":"text","args":["longtext"],"defaultTo":null,"notNullable":false,"unsigned":false},{"name":"type","type":"string","args":[],"defaultTo":null,"notNullable":false,"unsigned":false},{"name":"environment","type":"string","args":[],"defaultTo":null,"notNullable":false,"unsigned":false},{"name":"tag","type":"string","args":[],"defaultTo":null,"notNullable":false,"unsigned":false}]},{"name":"strapi_webhooks","indexes":[],"foreignKeys":[],"columns":[{"name":"id","type":"increments","args":[{"primary":true,"primaryKey":true}],"defaultTo":null,"notNullable":true,"unsigned":false},{"name":"name","type":"string","args":[],"defaultTo":null,"notNullable":false,"unsigned":false},{"name":"url","type":"text","args":["longtext"],"defaultTo":null,"notNullable":false,"unsigned":false},{"name":"headers","type":"jsonb","args":[],"defaultTo":null,"notNullable":false,"unsigned":false},{"name":"events","type":"jsonb","args":[],"defaultTo":null,"notNullable":false,"unsigned":false},{"name":"enabled","type":"boolean","args":[],"defaultTo":null,"notNullable":false,"unsigned":false}]},{"name":"admin_permissions","indexes":[{"name":"admin_permissions_created_by_id_fk","columns":["created_by_id"]},{"name":"admin_permissions_updated_by_id_fk","columns":["updated_by_id"]}],"foreignKeys":[{"name":"admin_permissions_created_by_id_fk","columns":["created_by_id"],"referencedTable":"admin_users","referencedColumns":["id"],"onDelete":"SET NULL"},{"name":"admin_permissions_updated_by_id_fk","columns":["updated_by_id"],"referencedTable":"admin_users","referencedColumns":["id"],"onDelete":"SET NULL"}],"columns":[{"name":"id","type":"increments","args":[{"primary":true,"primaryKey":true}],"defaultTo":null,"notNullable":true,"unsigned":false},{"name":"action","type":"string","args":[],"defaultTo":null,"notNullable":false,"unsigned":false},{"name":"subject","type":"string","args":[],"defaultTo":null,"notNullable":false,"unsigned":false},{"name":"properties","type":"jsonb","args":[],"defaultTo":null,"notNullable":false,"unsigned":false},{"name":"conditions","type":"jsonb","args":[],"defaultTo":null,"notNullable":false,"unsigned":false},{"name":"created_at","type":"datetime","args":[{"useTz":false,"precision":6}],"defaultTo":null,"notNullable":false,"unsigned":false},{"name":"updated_at","type":"datetime","args":[{"useTz":false,"precision":6}],"defaultTo":null,"notNullable":false,"unsigned":false},{"name":"created_by_id","type":"integer","args":[],"defaultTo":null,"notNullable":false,"unsigned":true},{"name":"updated_by_id","type":"integer","args":[],"defaultTo":null,"notNullable":false,"unsigned":true}]},{"name":"admin_users","indexes":[{"name":"admin_users_created_by_id_fk","columns":["created_by_id"]},{"name":"admin_users_updated_by_id_fk","columns":["updated_by_id"]}],"foreignKeys":[{"name":"admin_users_created_by_id_fk","columns":["created_by_id"],"referencedTable":"admin_users","referencedColumns":["id"],"onDelete":"SET NULL"},{"name":"admin_users_updated_by_id_fk","columns":["updated_by_id"],"referencedTable":"admin_users","referencedColumns":["id"],"onDelete":"SET NULL"}],"columns":[{"name":"id","type":"increments","args":[{"primary":true,"primaryKey":true}],"defaultTo":null,"notNullable":true,"unsigned":false},{"name":"firstname","type":"string","args":[],"defaultTo":null,"notNullable":false,"unsigned":false},{"name":"lastname","type":"string","args":[],"defaultTo":null,"notNullable":false,"unsigned":false},{"name":"username","type":"string","args":[],"defaultTo":null,"notNullable":false,"unsigned":false},{"name":"email","type":"string","args":[],"defaultTo":null,"notNullable":false,"unsigned":false},{"name":"password","type":"string","args":[],"defaultTo":null,"notNullable":false,"unsigned":false},{"name":"reset_password_token","type":"string","args":[],"defaultTo":null,"notNullable":false,"unsigned":false},{"name":"registration_token","type":"string","args":[],"defaultTo":null,"notNullable":false,"unsigned":false},{"name":"is_active","type":"boolean","args":[],"defaultTo":null,"notNullable":false,"unsigned":false},{"name":"blocked","type":"boolean","args":[],"defaultTo":null,"notNullable":false,"unsigned":false},{"name":"prefered_language","type":"string","args":[],"defaultTo":null,"notNullable":false,"unsigned":false},{"name":"created_at","type":"datetime","args":[{"useTz":false,"precision":6}],"defaultTo":null,"notNullable":false,"unsigned":false},{"name":"updated_at","type":"datetime","args":[{"useTz":false,"precision":6}],"defaultTo":null,"notNullable":false,"unsigned":false},{"name":"created_by_id","type":"integer","args":[],"defaultTo":null,"notNullable":false,"unsigned":true},{"name":"updated_by_id","type":"integer","args":[],"defaultTo":null,"notNullable":false,"unsigned":true}]},{"name":"admin_roles","indexes":[{"name":"admin_roles_created_by_id_fk","columns":["created_by_id"]},{"name":"admin_roles_updated_by_id_fk","columns":["updated_by_id"]}],"foreignKeys":[{"name":"admin_roles_created_by_id_fk","columns":["created_by_id"],"referencedTable":"admin_users","referencedColumns":["id"],"onDelete":"SET NULL"},{"name":"admin_roles_updated_by_id_fk","columns":["updated_by_id"],"referencedTable":"admin_users","referencedColumns":["id"],"onDelete":"SET NULL"}],"columns":[{"name":"id","type":"increments","args":[{"primary":true,"primaryKey":true}],"defaultTo":null,"notNullable":true,"unsigned":false},{"name":"name","type":"string","args":[],"defaultTo":null,"notNullable":false,"unsigned":false},{"name":"code","type":"string","args":[],"defaultTo":null,"notNullable":false,"unsigned":false},{"name":"description","type":"string","args":[],"defaultTo":null,"notNullable":false,"unsigned":false},{"name":"created_at","type":"datetime","args":[{"useTz":false,"precision":6}],"defaultTo":null,"notNullable":false,"unsigned":false},{"name":"updated_at","type":"datetime","args":[{"useTz":false,"precision":6}],"defaultTo":null,"notNullable":false,"unsigned":false},{"name":"created_by_id","type":"integer","args":[],"defaultTo":null,"notNullable":false,"unsigned":true},{"name":"updated_by_id","type":"integer","args":[],"defaultTo":null,"notNullable":false,"unsigned":true}]},{"name":"strapi_api_tokens","indexes":[{"name":"strapi_api_tokens_created_by_id_fk","columns":["created_by_id"]},{"name":"strapi_api_tokens_updated_by_id_fk","columns":["updated_by_id"]}],"foreignKeys":[{"name":"strapi_api_tokens_created_by_id_fk","columns":["created_by_id"],"referencedTable":"admin_users","referencedColumns":["id"],"onDelete":"SET NULL"},{"name":"strapi_api_tokens_updated_by_id_fk","columns":["updated_by_id"],"referencedTable":"admin_users","referencedColumns":["id"],"onDelete":"SET NULL"}],"columns":[{"name":"id","type":"increments","args":[{"primary":true,"primaryKey":true}],"defaultTo":null,"notNullable":true,"unsigned":false},{"name":"name","type":"string","args":[],"defaultTo":null,"notNullable":false,"unsigned":false},{"name":"description","type":"string","args":[],"defaultTo":null,"notNullable":false,"unsigned":false},{"name":"type","type":"string","args":[],"defaultTo":null,"notNullable":false,"unsigned":false},{"name":"access_key","type":"string","args":[],"defaultTo":null,"notNullable":false,"unsigned":false},{"name":"created_at","type":"datetime","args":[{"useTz":false,"precision":6}],"defaultTo":null,"notNullable":false,"unsigned":false},{"name":"updated_at","type":"datetime","args":[{"useTz":false,"precision":6}],"defaultTo":null,"notNullable":false,"unsigned":false},{"name":"created_by_id","type":"integer","args":[],"defaultTo":null,"notNullable":false,"unsigned":true},{"name":"updated_by_id","type":"integer","args":[],"defaultTo":null,"notNullable":false,"unsigned":true}]},{"name":"files","indexes":[{"name":"files_created_by_id_fk","columns":["created_by_id"]},{"name":"files_updated_by_id_fk","columns":["updated_by_id"]}],"foreignKeys":[{"name":"files_created_by_id_fk","columns":["created_by_id"],"referencedTable":"admin_users","referencedColumns":["id"],"onDelete":"SET NULL"},{"name":"files_updated_by_id_fk","columns":["updated_by_id"],"referencedTable":"admin_users","referencedColumns":["id"],"onDelete":"SET NULL"}],"columns":[{"name":"id","type":"increments","args":[{"primary":true,"primaryKey":true}],"defaultTo":null,"notNullable":true,"unsigned":false},{"name":"name","type":"string","args":[],"defaultTo":null,"notNullable":false,"unsigned":false},{"name":"alternative_text","type":"string","args":[],"defaultTo":null,"notNullable":false,"unsigned":false},{"name":"caption","type":"string","args":[],"defaultTo":null,"notNullable":false,"unsigned":false},{"name":"width","type":"integer","args":[],"defaultTo":null,"notNullable":false,"unsigned":false},{"name":"height","type":"integer","args":[],"defaultTo":null,"notNullable":false,"unsigned":false},{"name":"formats","type":"jsonb","args":[],"defaultTo":null,"notNullable":false,"unsigned":false},{"name":"hash","type":"string","args":[],"defaultTo":null,"notNullable":false,"unsigned":false},{"name":"ext","type":"string","args":[],"defaultTo":null,"notNullable":false,"unsigned":false},{"name":"mime","type":"string","args":[],"defaultTo":null,"notNullable":false,"unsigned":false},{"name":"size","type":"decimal","args":[10,2],"defaultTo":null,"notNullable":false,"unsigned":false},{"name":"url","type":"string","args":[],"defaultTo":null,"notNullable":false,"unsigned":false},{"name":"preview_url","type":"string","args":[],"defaultTo":null,"notNullable":false,"unsigned":false},{"name":"provider","type":"string","args":[],"defaultTo":null,"notNullable":false,"unsigned":false},{"name":"provider_metadata","type":"jsonb","args":[],"defaultTo":null,"notNullable":false,"unsigned":false},{"name":"created_at","type":"datetime","args":[{"useTz":false,"precision":6}],"defaultTo":null,"notNullable":false,"unsigned":false},{"name":"updated_at","type":"datetime","args":[{"useTz":false,"precision":6}],"defaultTo":null,"notNullable":false,"unsigned":false},{"name":"created_by_id","type":"integer","args":[],"defaultTo":null,"notNullable":false,"unsigned":true},{"name":"updated_by_id","type":"integer","args":[],"defaultTo":null,"notNullable":false,"unsigned":true}]},{"name":"i18n_locale","indexes":[{"name":"i18n_locale_created_by_id_fk","columns":["created_by_id"]},{"name":"i18n_locale_updated_by_id_fk","columns":["updated_by_id"]}],"foreignKeys":[{"name":"i18n_locale_created_by_id_fk","columns":["created_by_id"],"referencedTable":"admin_users","referencedColumns":["id"],"onDelete":"SET NULL"},{"name":"i18n_locale_updated_by_id_fk","columns":["updated_by_id"],"referencedTable":"admin_users","referencedColumns":["id"],"onDelete":"SET NULL"}],"columns":[{"name":"id","type":"increments","args":[{"primary":true,"primaryKey":true}],"defaultTo":null,"notNullable":true,"unsigned":false},{"name":"name","type":"string","args":[],"defaultTo":null,"notNullable":false,"unsigned":false},{"name":"code","type":"string","args":[],"defaultTo":null,"notNullable":false,"unsigned":false},{"name":"created_at","type":"datetime","args":[{"useTz":false,"precision":6}],"defaultTo":null,"notNullable":false,"unsigned":false},{"name":"updated_at","type":"datetime","args":[{"useTz":false,"precision":6}],"defaultTo":null,"notNullable":false,"unsigned":false},{"name":"created_by_id","type":"integer","args":[],"defaultTo":null,"notNullable":false,"unsigned":true},{"name":"updated_by_id","type":"integer","args":[],"defaultTo":null,"notNullable":false,"unsigned":true}]},{"name":"up_permissions","indexes":[{"name":"up_permissions_created_by_id_fk","columns":["created_by_id"]},{"name":"up_permissions_updated_by_id_fk","columns":["updated_by_id"]}],"foreignKeys":[{"name":"up_permissions_created_by_id_fk","columns":["created_by_id"],"referencedTable":"admin_users","referencedColumns":["id"],"onDelete":"SET NULL"},{"name":"up_permissions_updated_by_id_fk","columns":["updated_by_id"],"referencedTable":"admin_users","referencedColumns":["id"],"onDelete":"SET NULL"}],"columns":[{"name":"id","type":"increments","args":[{"primary":true,"primaryKey":true}],"defaultTo":null,"notNullable":true,"unsigned":false},{"name":"action","type":"string","args":[],"defaultTo":null,"notNullable":false,"unsigned":false},{"name":"created_at","type":"datetime","args":[{"useTz":false,"precision":6}],"defaultTo":null,"notNullable":false,"unsigned":false},{"name":"updated_at","type":"datetime","args":[{"useTz":false,"precision":6}],"defaultTo":null,"notNullable":false,"unsigned":false},{"name":"created_by_id","type":"integer","args":[],"defaultTo":null,"notNullable":false,"unsigned":true},{"name":"updated_by_id","type":"integer","args":[],"defaultTo":null,"notNullable":false,"unsigned":true}]},{"name":"up_roles","indexes":[{"name":"up_roles_created_by_id_fk","columns":["created_by_id"]},{"name":"up_roles_updated_by_id_fk","columns":["updated_by_id"]}],"foreignKeys":[{"name":"up_roles_created_by_id_fk","columns":["created_by_id"],"referencedTable":"admin_users","referencedColumns":["id"],"onDelete":"SET NULL"},{"name":"up_roles_updated_by_id_fk","columns":["updated_by_id"],"referencedTable":"admin_users","referencedColumns":["id"],"onDelete":"SET NULL"}],"columns":[{"name":"id","type":"increments","args":[{"primary":true,"primaryKey":true}],"defaultTo":null,"notNullable":true,"unsigned":false},{"name":"name","type":"string","args":[],"defaultTo":null,"notNullable":false,"unsigned":false},{"name":"description","type":"string","args":[],"defaultTo":null,"notNullable":false,"unsigned":false},{"name":"type","type":"string","args":[],"defaultTo":null,"notNullable":false,"unsigned":false},{"name":"created_at","type":"datetime","args":[{"useTz":false,"precision":6}],"defaultTo":null,"notNullable":false,"unsigned":false},{"name":"updated_at","type":"datetime","args":[{"useTz":false,"precision":6}],"defaultTo":null,"notNullable":false,"unsigned":false},{"name":"created_by_id","type":"integer","args":[],"defaultTo":null,"notNullable":false,"unsigned":true},{"name":"updated_by_id","type":"integer","args":[],"defaultTo":null,"notNullable":false,"unsigned":true}]},{"name":"up_users","indexes":[{"name":"up_users_created_by_id_fk","columns":["created_by_id"]},{"name":"up_users_updated_by_id_fk","columns":["updated_by_id"]}],"foreignKeys":[{"name":"up_users_created_by_id_fk","columns":["created_by_id"],"referencedTable":"admin_users","referencedColumns":["id"],"onDelete":"SET NULL"},{"name":"up_users_updated_by_id_fk","columns":["updated_by_id"],"referencedTable":"admin_users","referencedColumns":["id"],"onDelete":"SET NULL"}],"columns":[{"name":"id","type":"increments","args":[{"primary":true,"primaryKey":true}],"defaultTo":null,"notNullable":true,"unsigned":false},{"name":"username","type":"string","args":[],"defaultTo":null,"notNullable":false,"unsigned":false},{"name":"email","type":"string","args":[],"defaultTo":null,"notNullable":false,"unsigned":false},{"name":"provider","type":"string","args":[],"defaultTo":null,"notNullable":false,"unsigned":false},{"name":"password","type":"string","args":[],"defaultTo":null,"notNullable":false,"unsigned":false},{"name":"reset_password_token","type":"string","args":[],"defaultTo":null,"notNullable":false,"unsigned":false},{"name":"confirmation_token","type":"string","args":[],"defaultTo":null,"notNullable":false,"unsigned":false},{"name":"confirmed","type":"boolean","args":[],"defaultTo":null,"notNullable":false,"unsigned":false},{"name":"blocked","type":"boolean","args":[],"defaultTo":null,"notNullable":false,"unsigned":false},{"name":"created_at","type":"datetime","args":[{"useTz":false,"precision":6}],"defaultTo":null,"notNullable":false,"unsigned":false},{"name":"updated_at","type":"datetime","args":[{"useTz":false,"precision":6}],"defaultTo":null,"notNullable":false,"unsigned":false},{"name":"created_by_id","type":"integer","args":[],"defaultTo":null,"notNullable":false,"unsigned":true},{"name":"updated_by_id","type":"integer","args":[],"defaultTo":null,"notNullable":false,"unsigned":true}]},{"name":"advertisement_positions","indexes":[{"name":"advertisement_positions_created_by_id_fk","columns":["created_by_id"]},{"name":"advertisement_positions_updated_by_id_fk","columns":["updated_by_id"]}],"foreignKeys":[{"name":"advertisement_positions_created_by_id_fk","columns":["created_by_id"],"referencedTable":"admin_users","referencedColumns":["id"],"onDelete":"SET NULL"},{"name":"advertisement_positions_updated_by_id_fk","columns":["updated_by_id"],"referencedTable":"admin_users","referencedColumns":["id"],"onDelete":"SET NULL"}],"columns":[{"name":"id","type":"increments","args":[{"primary":true,"primaryKey":true}],"defaultTo":null,"notNullable":true,"unsigned":false},{"name":"position","type":"string","args":[],"defaultTo":null,"notNullable":false,"unsigned":false},{"name":"created_at","type":"datetime","args":[{"useTz":false,"precision":6}],"defaultTo":null,"notNullable":false,"unsigned":false},{"name":"updated_at","type":"datetime","args":[{"useTz":false,"precision":6}],"defaultTo":null,"notNullable":false,"unsigned":false},{"name":"created_by_id","type":"integer","args":[],"defaultTo":null,"notNullable":false,"unsigned":true},{"name":"updated_by_id","type":"integer","args":[],"defaultTo":null,"notNullable":false,"unsigned":true}]},{"name":"cms_advertisements","indexes":[{"name":"cms_advertisements_created_by_id_fk","columns":["created_by_id"]},{"name":"cms_advertisements_updated_by_id_fk","columns":["updated_by_id"]}],"foreignKeys":[{"name":"cms_advertisements_created_by_id_fk","columns":["created_by_id"],"referencedTable":"admin_users","referencedColumns":["id"],"onDelete":"SET NULL"},{"name":"cms_advertisements_updated_by_id_fk","columns":["updated_by_id"],"referencedTable":"admin_users","referencedColumns":["id"],"onDelete":"SET NULL"}],"columns":[{"name":"id","type":"increments","args":[{"primary":true,"primaryKey":true}],"defaultTo":null,"notNullable":true,"unsigned":false},{"name":"title","type":"string","args":[],"defaultTo":null,"notNullable":false,"unsigned":false},{"name":"description","type":"text","args":["longtext"],"defaultTo":null,"notNullable":false,"unsigned":false},{"name":"created_at","type":"datetime","args":[{"useTz":false,"precision":6}],"defaultTo":null,"notNullable":false,"unsigned":false},{"name":"updated_at","type":"datetime","args":[{"useTz":false,"precision":6}],"defaultTo":null,"notNullable":false,"unsigned":false},{"name":"created_by_id","type":"integer","args":[],"defaultTo":null,"notNullable":false,"unsigned":true},{"name":"updated_by_id","type":"integer","args":[],"defaultTo":null,"notNullable":false,"unsigned":true}]},{"name":"hello_tables","indexes":[{"name":"hello_tables_created_by_id_fk","columns":["created_by_id"]},{"name":"hello_tables_updated_by_id_fk","columns":["updated_by_id"]}],"foreignKeys":[{"name":"hello_tables_created_by_id_fk","columns":["created_by_id"],"referencedTable":"admin_users","referencedColumns":["id"],"onDelete":"SET NULL"},{"name":"hello_tables_updated_by_id_fk","columns":["updated_by_id"],"referencedTable":"admin_users","referencedColumns":["id"],"onDelete":"SET NULL"}],"columns":[{"name":"id","type":"increments","args":[{"primary":true,"primaryKey":true}],"defaultTo":null,"notNullable":true,"unsigned":false},{"name":"title","type":"text","args":["longtext"],"defaultTo":null,"notNullable":false,"unsigned":false},{"name":"created_at","type":"datetime","args":[{"useTz":false,"precision":6}],"defaultTo":null,"notNullable":false,"unsigned":false},{"name":"updated_at","type":"datetime","args":[{"useTz":false,"precision":6}],"defaultTo":null,"notNullable":false,"unsigned":false},{"name":"published_at","type":"datetime","args":[{"useTz":false,"precision":6}],"defaultTo":null,"notNullable":false,"unsigned":false},{"name":"created_by_id","type":"integer","args":[],"defaultTo":null,"notNullable":false,"unsigned":true},{"name":"updated_by_id","type":"integer","args":[],"defaultTo":null,"notNullable":false,"unsigned":true}]},{"name":"meny_service_classes","indexes":[{"name":"meny_service_classes_created_by_id_fk","columns":["created_by_id"]},{"name":"meny_service_classes_updated_by_id_fk","columns":["updated_by_id"]}],"foreignKeys":[{"name":"meny_service_classes_created_by_id_fk","columns":["created_by_id"],"referencedTable":"admin_users","referencedColumns":["id"],"onDelete":"SET NULL"},{"name":"meny_service_classes_updated_by_id_fk","columns":["updated_by_id"],"referencedTable":"admin_users","referencedColumns":["id"],"onDelete":"SET NULL"}],"columns":[{"name":"id","type":"increments","args":[{"primary":true,"primaryKey":true}],"defaultTo":null,"notNullable":true,"unsigned":false},{"name":"name","type":"string","args":[],"defaultTo":null,"notNullable":false,"unsigned":false},{"name":"created_at","type":"datetime","args":[{"useTz":false,"precision":6}],"defaultTo":null,"notNullable":false,"unsigned":false},{"name":"updated_at","type":"datetime","args":[{"useTz":false,"precision":6}],"defaultTo":null,"notNullable":false,"unsigned":false},{"name":"created_by_id","type":"integer","args":[],"defaultTo":null,"notNullable":false,"unsigned":true},{"name":"updated_by_id","type":"integer","args":[],"defaultTo":null,"notNullable":false,"unsigned":true}]},{"name":"restaurants","indexes":[{"name":"restaurants_created_by_id_fk","columns":["created_by_id"]},{"name":"restaurants_updated_by_id_fk","columns":["updated_by_id"]}],"foreignKeys":[{"name":"restaurants_created_by_id_fk","columns":["created_by_id"],"referencedTable":"admin_users","referencedColumns":["id"],"onDelete":"SET NULL"},{"name":"restaurants_updated_by_id_fk","columns":["updated_by_id"],"referencedTable":"admin_users","referencedColumns":["id"],"onDelete":"SET NULL"}],"columns":[{"name":"id","type":"increments","args":[{"primary":true,"primaryKey":true}],"defaultTo":null,"notNullable":true,"unsigned":false},{"name":"name","type":"string","args":[],"defaultTo":null,"notNullable":false,"unsigned":false},{"name":"blocked","type":"boolean","args":[],"defaultTo":null,"notNullable":false,"unsigned":false},{"name":"advertisement_config_disabled","type":"boolean","args":[],"defaultTo":null,"notNullable":false,"unsigned":false},{"name":"address","type":"text","args":["longtext"],"defaultTo":null,"notNullable":false,"unsigned":false},{"name":"confirmed","type":"boolean","args":[],"defaultTo":null,"notNullable":false,"unsigned":false},{"name":"reset_password_token","type":"string","args":[],"defaultTo":null,"notNullable":false,"unsigned":false},{"name":"confirmation_token","type":"string","args":[],"defaultTo":null,"notNullable":false,"unsigned":false},{"name":"json","type":"jsonb","args":[],"defaultTo":null,"notNullable":false,"unsigned":false},{"name":"remarks","type":"text","args":["longtext"],"defaultTo":null,"notNullable":false,"unsigned":false},{"name":"created_at","type":"datetime","args":[{"useTz":false,"precision":6}],"defaultTo":null,"notNullable":false,"unsigned":false},{"name":"updated_at","type":"datetime","args":[{"useTz":false,"precision":6}],"defaultTo":null,"notNullable":false,"unsigned":false},{"name":"created_by_id","type":"integer","args":[],"defaultTo":null,"notNullable":false,"unsigned":true},{"name":"updated_by_id","type":"integer","args":[],"defaultTo":null,"notNullable":false,"unsigned":true}]},{"name":"restaurant_foods","indexes":[{"name":"restaurant_foods_created_by_id_fk","columns":["created_by_id"]},{"name":"restaurant_foods_updated_by_id_fk","columns":["updated_by_id"]}],"foreignKeys":[{"name":"restaurant_foods_created_by_id_fk","columns":["created_by_id"],"referencedTable":"admin_users","referencedColumns":["id"],"onDelete":"SET NULL"},{"name":"restaurant_foods_updated_by_id_fk","columns":["updated_by_id"],"referencedTable":"admin_users","referencedColumns":["id"],"onDelete":"SET NULL"}],"columns":[{"name":"id","type":"increments","args":[{"primary":true,"primaryKey":true}],"defaultTo":null,"notNullable":true,"unsigned":false},{"name":"name","type":"string","args":[],"defaultTo":null,"notNullable":false,"unsigned":false},{"name":"description","type":"text","args":["longtext"],"defaultTo":null,"notNullable":false,"unsigned":false},{"name":"price","type":"double","args":[],"defaultTo":null,"notNullable":false,"unsigned":false},{"name":"available","type":"boolean","args":[],"defaultTo":null,"notNullable":false,"unsigned":false},{"name":"created_at","type":"datetime","args":[{"useTz":false,"precision":6}],"defaultTo":null,"notNullable":false,"unsigned":false},{"name":"updated_at","type":"datetime","args":[{"useTz":false,"precision":6}],"defaultTo":null,"notNullable":false,"unsigned":false},{"name":"published_at","type":"datetime","args":[{"useTz":false,"precision":6}],"defaultTo":null,"notNullable":false,"unsigned":false},{"name":"created_by_id","type":"integer","args":[],"defaultTo":null,"notNullable":false,"unsigned":true},{"name":"updated_by_id","type":"integer","args":[],"defaultTo":null,"notNullable":false,"unsigned":true}]},{"name":"restaurant_food_categories","indexes":[{"name":"restaurant_food_categories_created_by_id_fk","columns":["created_by_id"]},{"name":"restaurant_food_categories_updated_by_id_fk","columns":["updated_by_id"]}],"foreignKeys":[{"name":"restaurant_food_categories_created_by_id_fk","columns":["created_by_id"],"referencedTable":"admin_users","referencedColumns":["id"],"onDelete":"SET NULL"},{"name":"restaurant_food_categories_updated_by_id_fk","columns":["updated_by_id"],"referencedTable":"admin_users","referencedColumns":["id"],"onDelete":"SET NULL"}],"columns":[{"name":"id","type":"increments","args":[{"primary":true,"primaryKey":true}],"defaultTo":null,"notNullable":true,"unsigned":false},{"name":"name","type":"string","args":[],"defaultTo":null,"notNullable":false,"unsigned":false},{"name":"description","type":"text","args":["longtext"],"defaultTo":null,"notNullable":false,"unsigned":false},{"name":"position","type":"integer","args":[],"defaultTo":null,"notNullable":false,"unsigned":false},{"name":"created_at","type":"datetime","args":[{"useTz":false,"precision":6}],"defaultTo":null,"notNullable":false,"unsigned":false},{"name":"updated_at","type":"datetime","args":[{"useTz":false,"precision":6}],"defaultTo":null,"notNullable":false,"unsigned":false},{"name":"published_at","type":"datetime","args":[{"useTz":false,"precision":6}],"defaultTo":null,"notNullable":false,"unsigned":false},{"name":"created_by_id","type":"integer","args":[],"defaultTo":null,"notNullable":false,"unsigned":true},{"name":"updated_by_id","type":"integer","args":[],"defaultTo":null,"notNullable":false,"unsigned":true}]},{"name":"restaurant_food_tags","indexes":[{"name":"restaurant_food_tags_created_by_id_fk","columns":["created_by_id"]},{"name":"restaurant_food_tags_updated_by_id_fk","columns":["updated_by_id"]}],"foreignKeys":[{"name":"restaurant_food_tags_created_by_id_fk","columns":["created_by_id"],"referencedTable":"admin_users","referencedColumns":["id"],"onDelete":"SET NULL"},{"name":"restaurant_food_tags_updated_by_id_fk","columns":["updated_by_id"],"referencedTable":"admin_users","referencedColumns":["id"],"onDelete":"SET NULL"}],"columns":[{"name":"id","type":"increments","args":[{"primary":true,"primaryKey":true}],"defaultTo":null,"notNullable":true,"unsigned":false},{"name":"name","type":"string","args":[],"defaultTo":null,"notNullable":false,"unsigned":false},{"name":"description","type":"text","args":["longtext"],"defaultTo":null,"notNullable":false,"unsigned":false},{"name":"created_at","type":"datetime","args":[{"useTz":false,"precision":6}],"defaultTo":null,"notNullable":false,"unsigned":false},{"name":"updated_at","type":"datetime","args":[{"useTz":false,"precision":6}],"defaultTo":null,"notNullable":false,"unsigned":false},{"name":"published_at","type":"datetime","args":[{"useTz":false,"precision":6}],"defaultTo":null,"notNullable":false,"unsigned":false},{"name":"created_by_id","type":"integer","args":[],"defaultTo":null,"notNullable":false,"unsigned":true},{"name":"updated_by_id","type":"integer","args":[],"defaultTo":null,"notNullable":false,"unsigned":true}]},{"name":"restaurant_menus","indexes":[{"name":"restaurant_menus_created_by_id_fk","columns":["created_by_id"]},{"name":"restaurant_menus_updated_by_id_fk","columns":["updated_by_id"]}],"foreignKeys":[{"name":"restaurant_menus_created_by_id_fk","columns":["created_by_id"],"referencedTable":"admin_users","referencedColumns":["id"],"onDelete":"SET NULL"},{"name":"restaurant_menus_updated_by_id_fk","columns":["updated_by_id"],"referencedTable":"admin_users","referencedColumns":["id"],"onDelete":"SET NULL"}],"columns":[{"name":"id","type":"increments","args":[{"primary":true,"primaryKey":true}],"defaultTo":null,"notNullable":true,"unsigned":false},{"name":"name","type":"string","args":[],"defaultTo":null,"notNullable":false,"unsigned":false},{"name":"description","type":"text","args":["longtext"],"defaultTo":null,"notNullable":false,"unsigned":false},{"name":"disabled","type":"boolean","args":[],"defaultTo":null,"notNullable":false,"unsigned":false},{"name":"position","type":"integer","args":[],"defaultTo":null,"notNullable":false,"unsigned":false},{"name":"created_at","type":"datetime","args":[{"useTz":false,"precision":6}],"defaultTo":null,"notNullable":false,"unsigned":false},{"name":"updated_at","type":"datetime","args":[{"useTz":false,"precision":6}],"defaultTo":null,"notNullable":false,"unsigned":false},{"name":"created_by_id","type":"integer","args":[],"defaultTo":null,"notNullable":false,"unsigned":true},{"name":"updated_by_id","type":"integer","args":[],"defaultTo":null,"notNullable":false,"unsigned":true}]},{"name":"restaurant_open_statuses","indexes":[{"name":"restaurant_open_statuses_created_by_id_fk","columns":["created_by_id"]},{"name":"restaurant_open_statuses_updated_by_id_fk","columns":["updated_by_id"]}],"foreignKeys":[{"name":"restaurant_open_statuses_created_by_id_fk","columns":["created_by_id"],"referencedTable":"admin_users","referencedColumns":["id"],"onDelete":"SET NULL"},{"name":"restaurant_open_statuses_updated_by_id_fk","columns":["updated_by_id"],"referencedTable":"admin_users","referencedColumns":["id"],"onDelete":"SET NULL"}],"columns":[{"name":"id","type":"increments","args":[{"primary":true,"primaryKey":true}],"defaultTo":null,"notNullable":true,"unsigned":false},{"name":"status","type":"string","args":[],"defaultTo":null,"notNullable":false,"unsigned":false},{"name":"created_at","type":"datetime","args":[{"useTz":false,"precision":6}],"defaultTo":null,"notNullable":false,"unsigned":false},{"name":"updated_at","type":"datetime","args":[{"useTz":false,"precision":6}],"defaultTo":null,"notNullable":false,"unsigned":false},{"name":"created_by_id","type":"integer","args":[],"defaultTo":null,"notNullable":false,"unsigned":true},{"name":"updated_by_id","type":"integer","args":[],"defaultTo":null,"notNullable":false,"unsigned":true}]},{"name":"restaurant_orders","indexes":[{"name":"restaurant_orders_created_by_id_fk","columns":["created_by_id"]},{"name":"restaurant_orders_updated_by_id_fk","columns":["updated_by_id"]}],"foreignKeys":[{"name":"restaurant_orders_created_by_id_fk","columns":["created_by_id"],"referencedTable":"admin_users","referencedColumns":["id"],"onDelete":"SET NULL"},{"name":"restaurant_orders_updated_by_id_fk","columns":["updated_by_id"],"referencedTable":"admin_users","referencedColumns":["id"],"onDelete":"SET NULL"}],"columns":[{"name":"id","type":"increments","args":[{"primary":true,"primaryKey":true}],"defaultTo":null,"notNullable":true,"unsigned":false},{"name":"state","type":"string","args":[],"defaultTo":null,"notNullable":false,"unsigned":false},{"name":"created_at","type":"datetime","args":[{"useTz":false,"precision":6}],"defaultTo":null,"notNullable":false,"unsigned":false},{"name":"updated_at","type":"datetime","args":[{"useTz":false,"precision":6}],"defaultTo":null,"notNullable":false,"unsigned":false},{"name":"published_at","type":"datetime","args":[{"useTz":false,"precision":6}],"defaultTo":null,"notNullable":false,"unsigned":false},{"name":"created_by_id","type":"integer","args":[],"defaultTo":null,"notNullable":false,"unsigned":true},{"name":"updated_by_id","type":"integer","args":[],"defaultTo":null,"notNullable":false,"unsigned":true}]},{"name":"restaurant_users","indexes":[{"name":"restaurant_users_created_by_id_fk","columns":["created_by_id"]},{"name":"restaurant_users_updated_by_id_fk","columns":["updated_by_id"]}],"foreignKeys":[{"name":"restaurant_users_created_by_id_fk","columns":["created_by_id"],"referencedTable":"admin_users","referencedColumns":["id"],"onDelete":"SET NULL"},{"name":"restaurant_users_updated_by_id_fk","columns":["updated_by_id"],"referencedTable":"admin_users","referencedColumns":["id"],"onDelete":"SET NULL"}],"columns":[{"name":"id","type":"increments","args":[{"primary":true,"primaryKey":true}],"defaultTo":null,"notNullable":true,"unsigned":false},{"name":"login","type":"string","args":[],"defaultTo":null,"notNullable":false,"unsigned":false},{"name":"password","type":"string","args":[],"defaultTo":null,"notNullable":false,"unsigned":false},{"name":"confirmed","type":"boolean","args":[],"defaultTo":null,"notNullable":false,"unsigned":false},{"name":"blocked","type":"boolean","args":[],"defaultTo":null,"notNullable":false,"unsigned":false},{"name":"json","type":"jsonb","args":[],"defaultTo":null,"notNullable":false,"unsigned":false},{"name":"created_at","type":"datetime","args":[{"useTz":false,"precision":6}],"defaultTo":null,"notNullable":false,"unsigned":false},{"name":"updated_at","type":"datetime","args":[{"useTz":false,"precision":6}],"defaultTo":null,"notNullable":false,"unsigned":false},{"name":"created_by_id","type":"integer","args":[],"defaultTo":null,"notNullable":false,"unsigned":true},{"name":"updated_by_id","type":"integer","args":[],"defaultTo":null,"notNullable":false,"unsigned":true}]},{"name":"admin_permissions_role_links","indexes":[{"name":"admin_permissions_role_links_fk","columns":["permission_id"]},{"name":"admin_permissions_role_links_inv_fk","columns":["role_id"]}],"foreignKeys":[{"name":"admin_permissions_role_links_fk","columns":["permission_id"],"referencedColumns":["id"],"referencedTable":"admin_permissions","onDelete":"CASCADE"},{"name":"admin_permissions_role_links_inv_fk","columns":["role_id"],"referencedColumns":["id"],"referencedTable":"admin_roles","onDelete":"CASCADE"}],"columns":[{"name":"permission_id","type":"integer","args":[],"defaultTo":null,"notNullable":false,"unsigned":true},{"name":"role_id","type":"integer","args":[],"defaultTo":null,"notNullable":false,"unsigned":true}]},{"name":"admin_users_roles_links","indexes":[{"name":"admin_users_roles_links_fk","columns":["user_id"]},{"name":"admin_users_roles_links_inv_fk","columns":["role_id"]}],"foreignKeys":[{"name":"admin_users_roles_links_fk","columns":["user_id"],"referencedColumns":["id"],"referencedTable":"admin_users","onDelete":"CASCADE"},{"name":"admin_users_roles_links_inv_fk","columns":["role_id"],"referencedColumns":["id"],"referencedTable":"admin_roles","onDelete":"CASCADE"}],"columns":[{"name":"user_id","type":"integer","args":[],"defaultTo":null,"notNullable":false,"unsigned":true},{"name":"role_id","type":"integer","args":[],"defaultTo":null,"notNullable":false,"unsigned":true}]},{"name":"files_related_morphs","indexes":[{"name":"files_related_morphs_fk","columns":["file_id"]}],"foreignKeys":[{"name":"files_related_morphs_fk","columns":["file_id"],"referencedColumns":["id"],"referencedTable":"files","onDelete":"CASCADE"}],"columns":[{"name":"file_id","type":"integer","args":[],"defaultTo":null,"notNullable":false,"unsigned":true},{"name":"related_id","type":"integer","args":[],"defaultTo":null,"notNullable":false,"unsigned":true},{"name":"related_type","type":"string","args":[],"defaultTo":null,"notNullable":false,"unsigned":false},{"name":"field","type":"string","args":[],"defaultTo":null,"notNullable":false,"unsigned":false},{"name":"order","type":"integer","args":[],"defaultTo":null,"notNullable":false,"unsigned":true}]},{"name":"up_permissions_role_links","indexes":[{"name":"up_permissions_role_links_fk","columns":["permission_id"]},{"name":"up_permissions_role_links_inv_fk","columns":["role_id"]}],"foreignKeys":[{"name":"up_permissions_role_links_fk","columns":["permission_id"],"referencedColumns":["id"],"referencedTable":"up_permissions","onDelete":"CASCADE"},{"name":"up_permissions_role_links_inv_fk","columns":["role_id"],"referencedColumns":["id"],"referencedTable":"up_roles","onDelete":"CASCADE"}],"columns":[{"name":"permission_id","type":"integer","args":[],"defaultTo":null,"notNullable":false,"unsigned":true},{"name":"role_id","type":"integer","args":[],"defaultTo":null,"notNullable":false,"unsigned":true}]},{"name":"up_users_role_links","indexes":[{"name":"up_users_role_links_fk","columns":["user_id"]},{"name":"up_users_role_links_inv_fk","columns":["role_id"]}],"foreignKeys":[{"name":"up_users_role_links_fk","columns":["user_id"],"referencedColumns":["id"],"referencedTable":"up_users","onDelete":"CASCADE"},{"name":"up_users_role_links_inv_fk","columns":["role_id"],"referencedColumns":["id"],"referencedTable":"up_roles","onDelete":"CASCADE"}],"columns":[{"name":"user_id","type":"integer","args":[],"defaultTo":null,"notNullable":false,"unsigned":true},{"name":"role_id","type":"integer","args":[],"defaultTo":null,"notNullable":false,"unsigned":true}]},{"name":"restaurants_meny_service_class_links","indexes":[{"name":"restaurants_meny_service_class_links_fk","columns":["restaurant_id"]},{"name":"restaurants_meny_service_class_links_inv_fk","columns":["meny_service_class_id"]}],"foreignKeys":[{"name":"restaurants_meny_service_class_links_fk","columns":["restaurant_id"],"referencedColumns":["id"],"referencedTable":"restaurants","onDelete":"CASCADE"},{"name":"restaurants_meny_service_class_links_inv_fk","columns":["meny_service_class_id"],"referencedColumns":["id"],"referencedTable":"meny_service_classes","onDelete":"CASCADE"}],"columns":[{"name":"restaurant_id","type":"integer","args":[],"defaultTo":null,"notNullable":false,"unsigned":true},{"name":"meny_service_class_id","type":"integer","args":[],"defaultTo":null,"notNullable":false,"unsigned":true}]},{"name":"restaurants_cms_advertisements_links","indexes":[{"name":"restaurants_cms_advertisements_links_fk","columns":["restaurant_id"]},{"name":"restaurants_cms_advertisements_links_inv_fk","columns":["cms_advertisement_id"]}],"foreignKeys":[{"name":"restaurants_cms_advertisements_links_fk","columns":["restaurant_id"],"referencedColumns":["id"],"referencedTable":"restaurants","onDelete":"CASCADE"},{"name":"restaurants_cms_advertisements_links_inv_fk","columns":["cms_advertisement_id"],"referencedColumns":["id"],"referencedTable":"cms_advertisements","onDelete":"CASCADE"}],"columns":[{"name":"restaurant_id","type":"integer","args":[],"defaultTo":null,"notNullable":false,"unsigned":true},{"name":"cms_advertisement_id","type":"integer","args":[],"defaultTo":null,"notNullable":false,"unsigned":true}]},{"name":"restaurants_restaurant_menu_links","indexes":[{"name":"restaurants_restaurant_menu_links_fk","columns":["restaurant_id"]},{"name":"restaurants_restaurant_menu_links_inv_fk","columns":["restaurant_menu_id"]}],"foreignKeys":[{"name":"restaurants_restaurant_menu_links_fk","columns":["restaurant_id"],"referencedColumns":["id"],"referencedTable":"restaurants","onDelete":"CASCADE"},{"name":"restaurants_restaurant_menu_links_inv_fk","columns":["restaurant_menu_id"],"referencedColumns":["id"],"referencedTable":"restaurant_menus","onDelete":"CASCADE"}],"columns":[{"name":"restaurant_id","type":"integer","args":[],"defaultTo":null,"notNullable":false,"unsigned":true},{"name":"restaurant_menu_id","type":"integer","args":[],"defaultTo":null,"notNullable":false,"unsigned":true}]},{"name":"restaurant_foods_restaurant_food_tags_links","indexes":[{"name":"restaurant_foods_restaurant_food_tags_links_fk","columns":["restaurant_food_id"]},{"name":"restaurant_foods_restaurant_food_tags_links_inv_fk","columns":["restaurant_food_tag_id"]}],"foreignKeys":[{"name":"restaurant_foods_restaurant_food_tags_links_fk","columns":["restaurant_food_id"],"referencedColumns":["id"],"referencedTable":"restaurant_foods","onDelete":"CASCADE"},{"name":"restaurant_foods_restaurant_food_tags_links_inv_fk","columns":["restaurant_food_tag_id"],"referencedColumns":["id"],"referencedTable":"restaurant_food_tags","onDelete":"CASCADE"}],"columns":[{"name":"restaurant_food_id","type":"integer","args":[],"defaultTo":null,"notNullable":false,"unsigned":true},{"name":"restaurant_food_tag_id","type":"integer","args":[],"defaultTo":null,"notNullable":false,"unsigned":true}]},{"name":"restaurant_food_categories_restaurant_foods_links","indexes":[{"name":"restaurant_food_categories_restaurant_foods_links_fk","columns":["restaurant_food_category_id"]},{"name":"restaurant_food_categories_restaurant_foods_links_inv_fk","columns":["restaurant_food_id"]}],"foreignKeys":[{"name":"restaurant_food_categories_restaurant_foods_links_fk","columns":["restaurant_food_category_id"],"referencedColumns":["id"],"referencedTable":"restaurant_food_categories","onDelete":"CASCADE"},{"name":"restaurant_food_categories_restaurant_foods_links_inv_fk","columns":["restaurant_food_id"],"referencedColumns":["id"],"referencedTable":"restaurant_foods","onDelete":"CASCADE"}],"columns":[{"name":"restaurant_food_category_id","type":"integer","args":[],"defaultTo":null,"notNullable":false,"unsigned":true},{"name":"restaurant_food_id","type":"integer","args":[],"defaultTo":null,"notNullable":false,"unsigned":true}]},{"name":"restaurant_food_categories_restaurant_menus_links","indexes":[{"name":"restaurant_food_categories_restaurant_menus_links_fk","columns":["restaurant_food_category_id"]},{"name":"restaurant_food_categories_restaurant_menus_links_inv_fk","columns":["restaurant_menu_id"]}],"foreignKeys":[{"name":"restaurant_food_categories_restaurant_menus_links_fk","columns":["restaurant_food_category_id"],"referencedColumns":["id"],"referencedTable":"restaurant_food_categories","onDelete":"CASCADE"},{"name":"restaurant_food_categories_restaurant_menus_links_inv_fk","columns":["restaurant_menu_id"],"referencedColumns":["id"],"referencedTable":"restaurant_menus","onDelete":"CASCADE"}],"columns":[{"name":"restaurant_food_category_id","type":"integer","args":[],"defaultTo":null,"notNullable":false,"unsigned":true},{"name":"restaurant_menu_id","type":"integer","args":[],"defaultTo":null,"notNullable":false,"unsigned":true}]},{"name":"restaurant_food_tags_restaurant_foods_links","indexes":[{"name":"restaurant_food_tags_restaurant_foods_links_fk","columns":["restaurant_food_tag_id"]},{"name":"restaurant_food_tags_restaurant_foods_links_inv_fk","columns":["restaurant_food_id"]}],"foreignKeys":[{"name":"restaurant_food_tags_restaurant_foods_links_fk","columns":["restaurant_food_tag_id"],"referencedColumns":["id"],"referencedTable":"restaurant_food_tags","onDelete":"CASCADE"},{"name":"restaurant_food_tags_restaurant_foods_links_inv_fk","columns":["restaurant_food_id"],"referencedColumns":["id"],"referencedTable":"restaurant_foods","onDelete":"CASCADE"}],"columns":[{"name":"restaurant_food_tag_id","type":"integer","args":[],"defaultTo":null,"notNullable":false,"unsigned":true},{"name":"restaurant_food_id","type":"integer","args":[],"defaultTo":null,"notNullable":false,"unsigned":true}]},{"name":"restaurant_users_restaurant_links","indexes":[{"name":"restaurant_users_restaurant_links_fk","columns":["restaurant_user_id"]},{"name":"restaurant_users_restaurant_links_inv_fk","columns":["restaurant_id"]}],"foreignKeys":[{"name":"restaurant_users_restaurant_links_fk","columns":["restaurant_user_id"],"referencedColumns":["id"],"referencedTable":"restaurant_users","onDelete":"CASCADE"},{"name":"restaurant_users_restaurant_links_inv_fk","columns":["restaurant_id"],"referencedColumns":["id"],"referencedTable":"restaurants","onDelete":"CASCADE"}],"columns":[{"name":"restaurant_user_id","type":"integer","args":[],"defaultTo":null,"notNullable":false,"unsigned":true},{"name":"restaurant_id","type":"integer","args":[],"defaultTo":null,"notNullable":false,"unsigned":true}]}]}',1648749543569,'d75d3e82f49081d1f7c91331a01d289f');
CREATE TABLE `strapi_core_store_settings` (`id` integer not null primary key autoincrement, `key` varchar(255) null, `value` text null, `type` varchar(255) null, `environment` varchar(255) null, `tag` varchar(255) null);
INSERT INTO strapi_core_store_settings VALUES(1,'strapi_content_types_schema','{"admin::permission":{"collectionName":"admin_permissions","info":{"name":"Permission","description":"","singularName":"permission","pluralName":"permissions","displayName":"Permission"},"options":{},"pluginOptions":{"content-manager":{"visible":false},"content-type-builder":{"visible":false}},"attributes":{"action":{"type":"string","minLength":1,"configurable":false,"required":true},"subject":{"type":"string","minLength":1,"configurable":false,"required":false},"properties":{"type":"json","configurable":false,"required":false,"default":{}},"conditions":{"type":"json","configurable":false,"required":false,"default":[]},"role":{"configurable":false,"type":"relation","relation":"manyToOne","inversedBy":"permissions","target":"admin::role"},"createdAt":{"type":"datetime"},"updatedAt":{"type":"datetime"},"createdBy":{"type":"relation","relation":"oneToOne","target":"admin::user","configurable":false,"writable":false,"visible":false,"useJoinTable":false,"private":true},"updatedBy":{"type":"relation","relation":"oneToOne","target":"admin::user","configurable":false,"writable":false,"visible":false,"useJoinTable":false,"private":true}},"kind":"collectionType","__schema__":{"collectionName":"admin_permissions","info":{"name":"Permission","description":"","singularName":"permission","pluralName":"permissions","displayName":"Permission"},"options":{},"pluginOptions":{"content-manager":{"visible":false},"content-type-builder":{"visible":false}},"attributes":{"action":{"type":"string","minLength":1,"configurable":false,"required":true},"subject":{"type":"string","minLength":1,"configurable":false,"required":false},"properties":{"type":"json","configurable":false,"required":false,"default":{}},"conditions":{"type":"json","configurable":false,"required":false,"default":[]},"role":{"configurable":false,"type":"relation","relation":"manyToOne","inversedBy":"permissions","target":"admin::role"}},"kind":"collectionType"},"modelType":"contentType","modelName":"permission","connection":"default","uid":"admin::permission","plugin":"admin","globalId":"AdminPermission"},"admin::user":{"collectionName":"admin_users","info":{"name":"User","description":"","singularName":"user","pluralName":"users","displayName":"User"},"pluginOptions":{"content-manager":{"visible":false},"content-type-builder":{"visible":false}},"attributes":{"firstname":{"type":"string","unique":false,"minLength":1,"configurable":false,"required":false},"lastname":{"type":"string","unique":false,"minLength":1,"configurable":false,"required":false},"username":{"type":"string","unique":false,"configurable":false,"required":false},"email":{"type":"email","minLength":6,"configurable":false,"required":true,"unique":true,"private":true},"password":{"type":"password","minLength":6,"configurable":false,"required":false,"private":true},"resetPasswordToken":{"type":"string","configurable":false,"private":true},"registrationToken":{"type":"string","configurable":false,"private":true},"isActive":{"type":"boolean","default":false,"configurable":false,"private":true},"roles":{"configurable":false,"private":true,"type":"relation","relation":"manyToMany","inversedBy":"users","target":"admin::role","collectionName":"strapi_users_roles"},"blocked":{"type":"boolean","default":false,"configurable":false,"private":true},"preferedLanguage":{"type":"string","configurable":false,"required":false},"createdAt":{"type":"datetime"},"updatedAt":{"type":"datetime"},"createdBy":{"type":"relation","relation":"oneToOne","target":"admin::user","configurable":false,"writable":false,"visible":false,"useJoinTable":false,"private":true},"updatedBy":{"type":"relation","relation":"oneToOne","target":"admin::user","configurable":false,"writable":false,"visible":false,"useJoinTable":false,"private":true}},"kind":"collectionType","__schema__":{"collectionName":"admin_users","info":{"name":"User","description":"","singularName":"user","pluralName":"users","displayName":"User"},"pluginOptions":{"content-manager":{"visible":false},"content-type-builder":{"visible":false}},"attributes":{"firstname":{"type":"string","unique":false,"minLength":1,"configurable":false,"required":false},"lastname":{"type":"string","unique":false,"minLength":1,"configurable":false,"required":false},"username":{"type":"string","unique":false,"configurable":false,"required":false},"email":{"type":"email","minLength":6,"configurable":false,"required":true,"unique":true,"private":true},"password":{"type":"password","minLength":6,"configurable":false,"required":false,"private":true},"resetPasswordToken":{"type":"string","configurable":false,"private":true},"registrationToken":{"type":"string","configurable":false,"private":true},"isActive":{"type":"boolean","default":false,"configurable":false,"private":true},"roles":{"configurable":false,"private":true,"type":"relation","relation":"manyToMany","inversedBy":"users","target":"admin::role","collectionName":"strapi_users_roles"},"blocked":{"type":"boolean","default":false,"configurable":false,"private":true},"preferedLanguage":{"type":"string","configurable":false,"required":false}},"kind":"collectionType"},"modelType":"contentType","modelName":"user","connection":"default","uid":"admin::user","plugin":"admin","globalId":"AdminUser"},"admin::role":{"collectionName":"admin_roles","info":{"name":"Role","description":"","singularName":"role","pluralName":"roles","displayName":"Role"},"options":{},"pluginOptions":{"content-manager":{"visible":false},"content-type-builder":{"visible":false}},"attributes":{"name":{"type":"string","minLength":1,"unique":true,"configurable":false,"required":true},"code":{"type":"string","minLength":1,"unique":true,"configurable":false,"required":true},"description":{"type":"string","configurable":false},"users":{"configurable":false,"type":"relation","relation":"manyToMany","mappedBy":"roles","target":"admin::user"},"permissions":{"configurable":false,"type":"relation","relation":"oneToMany","mappedBy":"role","target":"admin::permission"},"createdAt":{"type":"datetime"},"updatedAt":{"type":"datetime"},"createdBy":{"type":"relation","relation":"oneToOne","target":"admin::user","configurable":false,"writable":false,"visible":false,"useJoinTable":false,"private":true},"updatedBy":{"type":"relation","relation":"oneToOne","target":"admin::user","configurable":false,"writable":false,"visible":false,"useJoinTable":false,"private":true}},"kind":"collectionType","__schema__":{"collectionName":"admin_roles","info":{"name":"Role","description":"","singularName":"role","pluralName":"roles","displayName":"Role"},"options":{},"pluginOptions":{"content-manager":{"visible":false},"content-type-builder":{"visible":false}},"attributes":{"name":{"type":"string","minLength":1,"unique":true,"configurable":false,"required":true},"code":{"type":"string","minLength":1,"unique":true,"configurable":false,"required":true},"description":{"type":"string","configurable":false},"users":{"configurable":false,"type":"relation","relation":"manyToMany","mappedBy":"roles","target":"admin::user"},"permissions":{"configurable":false,"type":"relation","relation":"oneToMany","mappedBy":"role","target":"admin::permission"}},"kind":"collectionType"},"modelType":"contentType","modelName":"role","connection":"default","uid":"admin::role","plugin":"admin","globalId":"AdminRole"},"admin::api-token":{"collectionName":"strapi_api_tokens","info":{"name":"Api Token","singularName":"api-token","pluralName":"api-tokens","displayName":"Api Token","description":""},"options":{},"pluginOptions":{"content-manager":{"visible":false},"content-type-builder":{"visible":false}},"attributes":{"name":{"type":"string","minLength":1,"configurable":false,"required":true},"description":{"type":"string","minLength":1,"configurable":false,"required":false,"default":""},"type":{"type":"enumeration","enum":["read-only","full-access"],"configurable":false,"required":false,"default":"read-only"},"accessKey":{"type":"string","minLength":1,"configurable":false,"required":true},"createdAt":{"type":"datetime"},"updatedAt":{"type":"datetime"},"createdBy":{"type":"relation","relation":"oneToOne","target":"admin::user","configurable":false,"writable":false,"visible":false,"useJoinTable":false,"private":true},"updatedBy":{"type":"relation","relation":"oneToOne","target":"admin::user","configurable":false,"writable":false,"visible":false,"useJoinTable":false,"private":true}},"kind":"collectionType","__schema__":{"collectionName":"strapi_api_tokens","info":{"name":"Api Token","singularName":"api-token","pluralName":"api-tokens","displayName":"Api Token","description":""},"options":{},"pluginOptions":{"content-manager":{"visible":false},"content-type-builder":{"visible":false}},"attributes":{"name":{"type":"string","minLength":1,"configurable":false,"required":true},"description":{"type":"string","minLength":1,"configurable":false,"required":false,"default":""},"type":{"type":"enumeration","enum":["read-only","full-access"],"configurable":false,"required":false,"default":"read-only"},"accessKey":{"type":"string","minLength":1,"configurable":false,"required":true}},"kind":"collectionType"},"modelType":"contentType","modelName":"api-token","connection":"default","uid":"admin::api-token","plugin":"admin","globalId":"AdminApiToken"},"plugin::upload.file":{"collectionName":"files","info":{"singularName":"file","pluralName":"files","displayName":"File","description":""},"options":{},"pluginOptions":{"content-manager":{"visible":false},"content-type-builder":{"visible":false}},"attributes":{"name":{"type":"string","configurable":false,"required":true},"alternativeText":{"type":"string","configurable":false},"caption":{"type":"string","configurable":false},"width":{"type":"integer","configurable":false},"height":{"type":"integer","configurable":false},"formats":{"type":"json","configurable":false},"hash":{"type":"string","configurable":false,"required":true},"ext":{"type":"string","configurable":false},"mime":{"type":"string","configurable":false,"required":true},"size":{"type":"decimal","configurable":false,"required":true},"url":{"type":"string","configurable":false,"required":true},"previewUrl":{"type":"string","configurable":false},"provider":{"type":"string","configurable":false,"required":true},"provider_metadata":{"type":"json","configurable":false},"related":{"type":"relation","relation":"morphToMany","configurable":false},"createdAt":{"type":"datetime"},"updatedAt":{"type":"datetime"},"createdBy":{"type":"relation","relation":"oneToOne","target":"admin::user","configurable":false,"writable":false,"visible":false,"useJoinTable":false,"private":true},"updatedBy":{"type":"relation","relation":"oneToOne","target":"admin::user","configurable":false,"writable":false,"visible":false,"useJoinTable":false,"private":true}},"kind":"collectionType","__schema__":{"collectionName":"files","info":{"singularName":"file","pluralName":"files","displayName":"File","description":""},"options":{},"pluginOptions":{"content-manager":{"visible":false},"content-type-builder":{"visible":false}},"attributes":{"name":{"type":"string","configurable":false,"required":true},"alternativeText":{"type":"string","configurable":false},"caption":{"type":"string","configurable":false},"width":{"type":"integer","configurable":false},"height":{"type":"integer","configurable":false},"formats":{"type":"json","configurable":false},"hash":{"type":"string","configurable":false,"required":true},"ext":{"type":"string","configurable":false},"mime":{"type":"string","configurable":false,"required":true},"size":{"type":"decimal","configurable":false,"required":true},"url":{"type":"string","configurable":false,"required":true},"previewUrl":{"type":"string","configurable":false},"provider":{"type":"string","configurable":false,"required":true},"provider_metadata":{"type":"json","configurable":false},"related":{"type":"relation","relation":"morphToMany","configurable":false}},"kind":"collectionType"},"modelType":"contentType","modelName":"file","connection":"default","uid":"plugin::upload.file","plugin":"upload","globalId":"UploadFile"},"plugin::i18n.locale":{"info":{"singularName":"locale","pluralName":"locales","collectionName":"locales","displayName":"Locale","description":""},"options":{"draftAndPublish":false},"pluginOptions":{"content-manager":{"visible":false},"content-type-builder":{"visible":false}},"attributes":{"name":{"type":"string","min":1,"max":50,"configurable":false},"code":{"type":"string","unique":true,"configurable":false},"createdAt":{"type":"datetime"},"updatedAt":{"type":"datetime"},"createdBy":{"type":"relation","relation":"oneToOne","target":"admin::user","configurable":false,"writable":false,"visible":false,"useJoinTable":false,"private":true},"updatedBy":{"type":"relation","relation":"oneToOne","target":"admin::user","configurable":false,"writable":false,"visible":false,"useJoinTable":false,"private":true}},"kind":"collectionType","__schema__":{"info":{"singularName":"locale","pluralName":"locales","collectionName":"locales","displayName":"Locale","description":""},"options":{"draftAndPublish":false},"pluginOptions":{"content-manager":{"visible":false},"content-type-builder":{"visible":false}},"attributes":{"name":{"type":"string","min":1,"max":50,"configurable":false},"code":{"type":"string","unique":true,"configurable":false}},"kind":"collectionType"},"modelType":"contentType","modelName":"locale","connection":"default","uid":"plugin::i18n.locale","plugin":"i18n","collectionName":"i18n_locale","globalId":"I18NLocale"},"plugin::users-permissions.permission":{"collectionName":"up_permissions","info":{"name":"permission","description":"","singularName":"permission","pluralName":"permissions","displayName":"Permission"},"pluginOptions":{"content-manager":{"visible":false},"content-type-builder":{"visible":false}},"attributes":{"action":{"type":"string","required":true,"configurable":false},"role":{"type":"relation","relation":"manyToOne","target":"plugin::users-permissions.role","inversedBy":"permissions","configurable":false},"createdAt":{"type":"datetime"},"updatedAt":{"type":"datetime"},"createdBy":{"type":"relation","relation":"oneToOne","target":"admin::user","configurable":false,"writable":false,"visible":false,"useJoinTable":false,"private":true},"updatedBy":{"type":"relation","relation":"oneToOne","target":"admin::user","configurable":false,"writable":false,"visible":false,"useJoinTable":false,"private":true}},"kind":"collectionType","__schema__":{"collectionName":"up_permissions","info":{"name":"permission","description":"","singularName":"permission","pluralName":"permissions","displayName":"Permission"},"pluginOptions":{"content-manager":{"visible":false},"content-type-builder":{"visible":false}},"attributes":{"action":{"type":"string","required":true,"configurable":false},"role":{"type":"relation","relation":"manyToOne","target":"plugin::users-permissions.role","inversedBy":"permissions","configurable":false}},"kind":"collectionType"},"modelType":"contentType","modelName":"permission","connection":"default","uid":"plugin::users-permissions.permission","plugin":"users-permissions","globalId":"UsersPermissionsPermission"},"plugin::users-permissions.role":{"collectionName":"up_roles","info":{"name":"role","description":"","singularName":"role","pluralName":"roles","displayName":"Role"},"pluginOptions":{"content-manager":{"visible":false},"content-type-builder":{"visible":false}},"attributes":{"name":{"type":"string","minLength":3,"required":true,"configurable":false},"description":{"type":"string","configurable":false},"type":{"type":"string","unique":true,"configurable":false},"permissions":{"type":"relation","relation":"oneToMany","target":"plugin::users-permissions.permission","mappedBy":"role","configurable":false},"users":{"type":"relation","relation":"oneToMany","target":"plugin::users-permissions.user","mappedBy":"role","configurable":false},"createdAt":{"type":"datetime"},"updatedAt":{"type":"datetime"},"createdBy":{"type":"relation","relation":"oneToOne","target":"admin::user","configurable":false,"writable":false,"visible":false,"useJoinTable":false,"private":true},"updatedBy":{"type":"relation","relation":"oneToOne","target":"admin::user","configurable":false,"writable":false,"visible":false,"useJoinTable":false,"private":true}},"kind":"collectionType","__schema__":{"collectionName":"up_roles","info":{"name":"role","description":"","singularName":"role","pluralName":"roles","displayName":"Role"},"pluginOptions":{"content-manager":{"visible":false},"content-type-builder":{"visible":false}},"attributes":{"name":{"type":"string","minLength":3,"required":true,"configurable":false},"description":{"type":"string","configurable":false},"type":{"type":"string","unique":true,"configurable":false},"permissions":{"type":"relation","relation":"oneToMany","target":"plugin::users-permissions.permission","mappedBy":"role","configurable":false},"users":{"type":"relation","relation":"oneToMany","target":"plugin::users-permissions.user","mappedBy":"role","configurable":false}},"kind":"collectionType"},"modelType":"contentType","modelName":"role","connection":"default","uid":"plugin::users-permissions.role","plugin":"users-permissions","globalId":"UsersPermissionsRole"},"plugin::users-permissions.user":{"collectionName":"up_users","info":{"name":"user","description":"","singularName":"user","pluralName":"users","displayName":"User"},"options":{"draftAndPublish":false,"timestamps":true},"attributes":{"username":{"type":"string","minLength":3,"unique":true,"configurable":false,"required":true},"email":{"type":"email","minLength":6,"configurable":false,"required":true},"provider":{"type":"string","configurable":false},"password":{"type":"password","minLength":6,"configurable":false,"private":true},"resetPasswordToken":{"type":"string","configurable":false,"private":true},"confirmationToken":{"type":"string","configurable":false,"private":true},"confirmed":{"type":"boolean","default":false,"configurable":false},"blocked":{"type":"boolean","default":false,"configurable":false},"role":{"type":"relation","relation":"manyToOne","target":"plugin::users-permissions.role","inversedBy":"users","configurable":false},"createdAt":{"type":"datetime"},"updatedAt":{"type":"datetime"},"createdBy":{"type":"relation","relation":"oneToOne","target":"admin::user","configurable":false,"writable":false,"visible":false,"useJoinTable":false,"private":true},"updatedBy":{"type":"relation","relation":"oneToOne","target":"admin::user","configurable":false,"writable":false,"visible":false,"useJoinTable":false,"private":true}},"config":{"attributes":{"resetPasswordToken":{"hidden":true},"confirmationToken":{"hidden":true},"provider":{"hidden":true}}},"kind":"collectionType","__schema__":{"collectionName":"up_users","info":{"name":"user","description":"","singularName":"user","pluralName":"users","displayName":"User"},"options":{"draftAndPublish":false,"timestamps":true},"attributes":{"username":{"type":"string","minLength":3,"unique":true,"configurable":false,"required":true},"email":{"type":"email","minLength":6,"configurable":false,"required":true},"provider":{"type":"string","configurable":false},"password":{"type":"password","minLength":6,"configurable":false,"private":true},"resetPasswordToken":{"type":"string","configurable":false,"private":true},"confirmationToken":{"type":"string","configurable":false,"private":true},"confirmed":{"type":"boolean","default":false,"configurable":false},"blocked":{"type":"boolean","default":false,"configurable":false},"role":{"type":"relation","relation":"manyToOne","target":"plugin::users-permissions.role","inversedBy":"users","configurable":false}},"kind":"collectionType"},"modelType":"contentType","modelName":"user","connection":"default","uid":"plugin::users-permissions.user","plugin":"users-permissions","globalId":"UsersPermissionsUser"},"api::advertisement-position.advertisement-position":{"kind":"collectionType","collectionName":"advertisement_positions","info":{"singularName":"advertisement-position","pluralName":"advertisement-positions","displayName":"Advertisement Position"},"options":{"draftAndPublish":false},"pluginOptions":{},"attributes":{"position":{"type":"string"},"createdAt":{"type":"datetime"},"updatedAt":{"type":"datetime"},"createdBy":{"type":"relation","relation":"oneToOne","target":"admin::user","configurable":false,"writable":false,"visible":false,"useJoinTable":false,"private":true},"updatedBy":{"type":"relation","relation":"oneToOne","target":"admin::user","configurable":false,"writable":false,"visible":false,"useJoinTable":false,"private":true}},"__schema__":{"collectionName":"advertisement_positions","info":{"singularName":"advertisement-position","pluralName":"advertisement-positions","displayName":"Advertisement Position"},"options":{"draftAndPublish":false},"pluginOptions":{},"attributes":{"position":{"type":"string"}},"kind":"collectionType"},"modelType":"contentType","modelName":"advertisement-position","connection":"default","uid":"api::advertisement-position.advertisement-position","apiName":"advertisement-position","globalId":"AdvertisementPosition","actions":{},"lifecycles":{}},"api::cms-advertisement.cms-advertisement":{"kind":"collectionType","collectionName":"cms_advertisements","info":{"singularName":"cms-advertisement","pluralName":"cms-advertisements","displayName":"CMS Advertisement","description":""},"options":{"draftAndPublish":false},"pluginOptions":{},"attributes":{"title":{"type":"string"},"images":{"type":"media","multiple":true,"required":false,"allowedTypes":["images","files","videos","audios"]},"description":{"type":"richtext"},"restaurants":{"type":"relation","relation":"manyToMany","target":"api::restaurant.restaurant","mappedBy":"cms_advertisements"},"createdAt":{"type":"datetime"},"updatedAt":{"type":"datetime"},"createdBy":{"type":"relation","relation":"oneToOne","target":"admin::user","configurable":false,"writable":false,"visible":false,"useJoinTable":false,"private":true},"updatedBy":{"type":"relation","relation":"oneToOne","target":"admin::user","configurable":false,"writable":false,"visible":false,"useJoinTable":false,"private":true}},"__schema__":{"collectionName":"cms_advertisements","info":{"singularName":"cms-advertisement","pluralName":"cms-advertisements","displayName":"CMS Advertisement","description":""},"options":{"draftAndPublish":false},"pluginOptions":{},"attributes":{"title":{"type":"string"},"images":{"type":"media","multiple":true,"required":false,"allowedTypes":["images","files","videos","audios"]},"description":{"type":"richtext"},"restaurants":{"type":"relation","relation":"manyToMany","target":"api::restaurant.restaurant","mappedBy":"cms_advertisements"}},"kind":"collectionType"},"modelType":"contentType","modelName":"cms-advertisement","connection":"default","uid":"api::cms-advertisement.cms-advertisement","apiName":"cms-advertisement","globalId":"CmsAdvertisement","actions":{},"lifecycles":{}},"api::hello-table.hello-table":{"kind":"collectionType","collectionName":"hello_tables","info":{"singularName":"hello-table","pluralName":"hello-tables","displayName":"hello_table","description":""},"options":{"draftAndPublish":true},"pluginOptions":{},"attributes":{"title":{"type":"text"},"createdAt":{"type":"datetime"},"updatedAt":{"type":"datetime"},"publishedAt":{"type":"datetime","configurable":false,"writable":true,"visible":false},"createdBy":{"type":"relation","relation":"oneToOne","target":"admin::user","configurable":false,"writable":false,"visible":false,"useJoinTable":false,"private":true},"updatedBy":{"type":"relation","relation":"oneToOne","target":"admin::user","configurable":false,"writable":false,"visible":false,"useJoinTable":false,"private":true}},"__schema__":{"collectionName":"hello_tables","info":{"singularName":"hello-table","pluralName":"hello-tables","displayName":"hello_table","description":""},"options":{"draftAndPublish":true},"pluginOptions":{},"attributes":{"title":{"type":"text"}},"kind":"collectionType"},"modelType":"contentType","modelName":"hello-table","connection":"default","uid":"api::hello-table.hello-table","apiName":"hello-table","globalId":"HelloTable","actions":{},"lifecycles":{}},"api::meny-service-class.meny-service-class":{"kind":"collectionType","collectionName":"meny_service_classes","info":{"singularName":"meny-service-class","pluralName":"meny-service-classes","displayName":"Meny Service Class","description":""},"options":{"draftAndPublish":false},"pluginOptions":{},"attributes":{"name":{"type":"string"},"restaurants":{"type":"relation","relation":"oneToMany","target":"api::restaurant.restaurant","mappedBy":"meny_service_class"},"createdAt":{"type":"datetime"},"updatedAt":{"type":"datetime"},"createdBy":{"type":"relation","relation":"oneToOne","target":"admin::user","configurable":false,"writable":false,"visible":false,"useJoinTable":false,"private":true},"updatedBy":{"type":"relation","relation":"oneToOne","target":"admin::user","configurable":false,"writable":false,"visible":false,"useJoinTable":false,"private":true}},"__schema__":{"collectionName":"meny_service_classes","info":{"singularName":"meny-service-class","pluralName":"meny-service-classes","displayName":"Meny Service Class","description":""},"options":{"draftAndPublish":false},"pluginOptions":{},"attributes":{"name":{"type":"string"},"restaurants":{"type":"relation","relation":"oneToMany","target":"api::restaurant.restaurant","mappedBy":"meny_service_class"}},"kind":"collectionType"},"modelType":"contentType","modelName":"meny-service-class","connection":"default","uid":"api::meny-service-class.meny-service-class","apiName":"meny-service-class","globalId":"MenyServiceClass","actions":{},"lifecycles":{}},"api::restaurant.restaurant":{"kind":"collectionType","collectionName":"restaurants","info":{"singularName":"restaurant","pluralName":"restaurants","displayName":"Restaurants","description":""},"options":{"draftAndPublish":false},"pluginOptions":{},"attributes":{"name":{"type":"string"},"restaurant_avatars":{"type":"media","multiple":true,"required":false,"allowedTypes":["images","files","videos","audios"]},"blocked":{"type":"boolean","required":true,"private":true,"default":false},"advertisementConfigDisabled":{"type":"boolean","default":true,"required":true},"meny_service_class":{"type":"relation","relation":"manyToOne","target":"api::meny-service-class.meny-service-class","inversedBy":"restaurants"},"restaurant_users":{"type":"relation","relation":"oneToMany","target":"api::restaurant-user.restaurant-user","mappedBy":"restaurant"},"cms_advertisements":{"type":"relation","relation":"manyToMany","target":"api::cms-advertisement.cms-advertisement","inversedBy":"restaurants"},"restaurant_menu":{"type":"relation","relation":"oneToOne","target":"api::restaurant-menu.restaurant-menu"},"address":{"type":"text"},"confirmed":{"type":"boolean","required":true,"private":true,"default":true},"resetPasswordToken":{"type":"string"},"confirmationToken":{"type":"string"},"json":{"type":"json"},"remarks":{"type":"text"},"createdAt":{"type":"datetime"},"updatedAt":{"type":"datetime"},"createdBy":{"type":"relation","relation":"oneToOne","target":"admin::user","configurable":false,"writable":false,"visible":false,"useJoinTable":false,"private":true},"updatedBy":{"type":"relation","relation":"oneToOne","target":"admin::user","configurable":false,"writable":false,"visible":false,"useJoinTable":false,"private":true}},"__schema__":{"collectionName":"restaurants","info":{"singularName":"restaurant","pluralName":"restaurants","displayName":"Restaurants","description":""},"options":{"draftAndPublish":false},"pluginOptions":{},"attributes":{"name":{"type":"string"},"restaurant_avatars":{"type":"media","multiple":true,"required":false,"allowedTypes":["images","files","videos","audios"]},"blocked":{"type":"boolean","required":true,"private":true,"default":false},"advertisementConfigDisabled":{"type":"boolean","default":true,"required":true},"meny_service_class":{"type":"relation","relation":"manyToOne","target":"api::meny-service-class.meny-service-class","inversedBy":"restaurants"},"restaurant_users":{"type":"relation","relation":"oneToMany","target":"api::restaurant-user.restaurant-user","mappedBy":"restaurant"},"cms_advertisements":{"type":"relation","relation":"manyToMany","target":"api::cms-advertisement.cms-advertisement","inversedBy":"restaurants"},"restaurant_menu":{"type":"relation","relation":"oneToOne","target":"api::restaurant-menu.restaurant-menu"},"address":{"type":"text"},"confirmed":{"type":"boolean","required":true,"private":true,"default":true},"resetPasswordToken":{"type":"string"},"confirmationToken":{"type":"string"},"json":{"type":"json"},"remarks":{"type":"text"}},"kind":"collectionType"},"modelType":"contentType","modelName":"restaurant","connection":"default","uid":"api::restaurant.restaurant","apiName":"restaurant","globalId":"Restaurant","actions":{},"lifecycles":{}},"api::restaurant-food.restaurant-food":{"kind":"collectionType","collectionName":"restaurant_foods","info":{"singularName":"restaurant-food","pluralName":"restaurant-foods","displayName":"Restaurant Food","description":""},"options":{"draftAndPublish":true},"pluginOptions":{},"attributes":{"name":{"type":"string"},"description":{"type":"richtext"},"price":{"type":"float"},"images":{"type":"media","multiple":true,"required":false,"allowedTypes":["images","files","videos","audios"]},"available":{"type":"boolean"},"restaurant_food_categories":{"type":"relation","relation":"manyToMany","target":"api::restaurant-food-category.restaurant-food-category","mappedBy":"restaurant_foods"},"restaurant_food_tags":{"type":"relation","relation":"manyToMany","target":"api::restaurant-food-tag.restaurant-food-tag","inversedBy":"restaurant_foods"},"createdAt":{"type":"datetime"},"updatedAt":{"type":"datetime"},"publishedAt":{"type":"datetime","configurable":false,"writable":true,"visible":false},"createdBy":{"type":"relation","relation":"oneToOne","target":"admin::user","configurable":false,"writable":false,"visible":false,"useJoinTable":false,"private":true},"updatedBy":{"type":"relation","relation":"oneToOne","target":"admin::user","configurable":false,"writable":false,"visible":false,"useJoinTable":false,"private":true}},"__schema__":{"collectionName":"restaurant_foods","info":{"singularName":"restaurant-food","pluralName":"restaurant-foods","displayName":"Restaurant Food","description":""},"options":{"draftAndPublish":true},"pluginOptions":{},"attributes":{"name":{"type":"string"},"description":{"type":"richtext"},"price":{"type":"float"},"images":{"type":"media","multiple":true,"required":false,"allowedTypes":["images","files","videos","audios"]},"available":{"type":"boolean"},"restaurant_food_categories":{"type":"relation","relation":"manyToMany","target":"api::restaurant-food-category.restaurant-food-category","mappedBy":"restaurant_foods"},"restaurant_food_tags":{"type":"relation","relation":"manyToMany","target":"api::restaurant-food-tag.restaurant-food-tag","inversedBy":"restaurant_foods"}},"kind":"collectionType"},"modelType":"contentType","modelName":"restaurant-food","connection":"default","uid":"api::restaurant-food.restaurant-food","apiName":"restaurant-food","globalId":"RestaurantFood","actions":{},"lifecycles":{}},"api::restaurant-food-category.restaurant-food-category":{"kind":"collectionType","collectionName":"restaurant_food_categories","info":{"singularName":"restaurant-food-category","pluralName":"restaurant-food-categories","displayName":"Restaurant Food Category","description":""},"options":{"draftAndPublish":true},"pluginOptions":{},"attributes":{"name":{"type":"string"},"description":{"type":"richtext"},"restaurant_foods":{"type":"relation","relation":"manyToMany","target":"api::restaurant-food.restaurant-food","inversedBy":"restaurant_food_categories"},"restaurant_menus":{"type":"relation","relation":"manyToMany","target":"api::restaurant-menu.restaurant-menu","inversedBy":"restaurant_food_categories"},"position":{"type":"integer","default":1,"required":true},"createdAt":{"type":"datetime"},"updatedAt":{"type":"datetime"},"publishedAt":{"type":"datetime","configurable":false,"writable":true,"visible":false},"createdBy":{"type":"relation","relation":"oneToOne","target":"admin::user","configurable":false,"writable":false,"visible":false,"useJoinTable":false,"private":true},"updatedBy":{"type":"relation","relation":"oneToOne","target":"admin::user","configurable":false,"writable":false,"visible":false,"useJoinTable":false,"private":true}},"__schema__":{"collectionName":"restaurant_food_categories","info":{"singularName":"restaurant-food-category","pluralName":"restaurant-food-categories","displayName":"Restaurant Food Category","description":""},"options":{"draftAndPublish":true},"pluginOptions":{},"attributes":{"name":{"type":"string"},"description":{"type":"richtext"},"restaurant_foods":{"type":"relation","relation":"manyToMany","target":"api::restaurant-food.restaurant-food","inversedBy":"restaurant_food_categories"},"restaurant_menus":{"type":"relation","relation":"manyToMany","target":"api::restaurant-menu.restaurant-menu","inversedBy":"restaurant_food_categories"},"position":{"type":"integer","default":1,"required":true}},"kind":"collectionType"},"modelType":"contentType","modelName":"restaurant-food-category","connection":"default","uid":"api::restaurant-food-category.restaurant-food-category","apiName":"restaurant-food-category","globalId":"RestaurantFoodCategory","actions":{},"lifecycles":{}},"api::restaurant-food-tag.restaurant-food-tag":{"kind":"collectionType","collectionName":"restaurant_food_tags","info":{"singularName":"restaurant-food-tag","pluralName":"restaurant-food-tags","displayName":"Restaurant Food Tags"},"options":{"draftAndPublish":true},"pluginOptions":{},"attributes":{"name":{"type":"string"},"description":{"type":"richtext"},"restaurant_foods":{"type":"relation","relation":"manyToMany","target":"api::restaurant-food.restaurant-food","inversedBy":"restaurant_food_tags"},"createdAt":{"type":"datetime"},"updatedAt":{"type":"datetime"},"publishedAt":{"type":"datetime","configurable":false,"writable":true,"visible":false},"createdBy":{"type":"relation","relation":"oneToOne","target":"admin::user","configurable":false,"writable":false,"visible":false,"useJoinTable":false,"private":true},"updatedBy":{"type":"relation","relation":"oneToOne","target":"admin::user","configurable":false,"writable":false,"visible":false,"useJoinTable":false,"private":true}},"__schema__":{"collectionName":"restaurant_food_tags","info":{"singularName":"restaurant-food-tag","pluralName":"restaurant-food-tags","displayName":"Restaurant Food Tags"},"options":{"draftAndPublish":true},"pluginOptions":{},"attributes":{"name":{"type":"string"},"description":{"type":"richtext"},"restaurant_foods":{"type":"relation","relation":"manyToMany","target":"api::restaurant-food.restaurant-food","inversedBy":"restaurant_food_tags"}},"kind":"collectionType"},"modelType":"contentType","modelName":"restaurant-food-tag","connection":"default","uid":"api::restaurant-food-tag.restaurant-food-tag","apiName":"restaurant-food-tag","globalId":"RestaurantFoodTag","actions":{},"lifecycles":{}},"api::restaurant-menu.restaurant-menu":{"kind":"collectionType","collectionName":"restaurant_menus","info":{"singularName":"restaurant-menu","pluralName":"restaurant-menus","displayName":"Restaurant Menu","description":""},"options":{"draftAndPublish":false},"pluginOptions":{},"attributes":{"name":{"type":"string"},"description":{"type":"richtext"},"disabled":{"type":"boolean"},"restaurant_food_categories":{"type":"relation","relation":"manyToMany","target":"api::restaurant-food-category.restaurant-food-category","mappedBy":"restaurant_menus"},"position":{"type":"integer","required":true,"default":1},"createdAt":{"type":"datetime"},"updatedAt":{"type":"datetime"},"createdBy":{"type":"relation","relation":"oneToOne","target":"admin::user","configurable":false,"writable":false,"visible":false,"useJoinTable":false,"private":true},"updatedBy":{"type":"relation","relation":"oneToOne","target":"admin::user","configurable":false,"writable":false,"visible":false,"useJoinTable":false,"private":true}},"__schema__":{"collectionName":"restaurant_menus","info":{"singularName":"restaurant-menu","pluralName":"restaurant-menus","displayName":"Restaurant Menu","description":""},"options":{"draftAndPublish":false},"pluginOptions":{},"attributes":{"name":{"type":"string"},"description":{"type":"richtext"},"disabled":{"type":"boolean"},"restaurant_food_categories":{"type":"relation","relation":"manyToMany","target":"api::restaurant-food-category.restaurant-food-category","mappedBy":"restaurant_menus"},"position":{"type":"integer","required":true,"default":1}},"kind":"collectionType"},"modelType":"contentType","modelName":"restaurant-menu","connection":"default","uid":"api::restaurant-menu.restaurant-menu","apiName":"restaurant-menu","globalId":"RestaurantMenu","actions":{},"lifecycles":{}},"api::restaurant-open-status.restaurant-open-status":{"kind":"collectionType","collectionName":"restaurant_open_statuses","info":{"singularName":"restaurant-open-status","pluralName":"restaurant-open-statuses","displayName":"Restaurant Open Status","description":""},"options":{"draftAndPublish":false},"pluginOptions":{},"attributes":{"status":{"type":"string"},"createdAt":{"type":"datetime"},"updatedAt":{"type":"datetime"},"createdBy":{"type":"relation","relation":"oneToOne","target":"admin::user","configurable":false,"writable":false,"visible":false,"useJoinTable":false,"private":true},"updatedBy":{"type":"relation","relation":"oneToOne","target":"admin::user","configurable":false,"writable":false,"visible":false,"useJoinTable":false,"private":true}},"__schema__":{"collectionName":"restaurant_open_statuses","info":{"singularName":"restaurant-open-status","pluralName":"restaurant-open-statuses","displayName":"Restaurant Open Status","description":""},"options":{"draftAndPublish":false},"pluginOptions":{},"attributes":{"status":{"type":"string"}},"kind":"collectionType"},"modelType":"contentType","modelName":"restaurant-open-status","connection":"default","uid":"api::restaurant-open-status.restaurant-open-status","apiName":"restaurant-open-status","globalId":"RestaurantOpenStatus","actions":{},"lifecycles":{}},"api::restaurant-order.restaurant-order":{"kind":"collectionType","collectionName":"restaurant_orders","info":{"singularName":"restaurant-order","pluralName":"restaurant-orders","displayName":"Restaurant Orders"},"options":{"draftAndPublish":true},"pluginOptions":{},"attributes":{"state":{"type":"string"},"createdAt":{"type":"datetime"},"updatedAt":{"type":"datetime"},"publishedAt":{"type":"datetime","configurable":false,"writable":true,"visible":false},"createdBy":{"type":"relation","relation":"oneToOne","target":"admin::user","configurable":false,"writable":false,"visible":false,"useJoinTable":false,"private":true},"updatedBy":{"type":"relation","relation":"oneToOne","target":"admin::user","configurable":false,"writable":false,"visible":false,"useJoinTable":false,"private":true}},"__schema__":{"collectionName":"restaurant_orders","info":{"singularName":"restaurant-order","pluralName":"restaurant-orders","displayName":"Restaurant Orders"},"options":{"draftAndPublish":true},"pluginOptions":{},"attributes":{"state":{"type":"string"}},"kind":"collectionType"},"modelType":"contentType","modelName":"restaurant-order","connection":"default","uid":"api::restaurant-order.restaurant-order","apiName":"restaurant-order","globalId":"RestaurantOrder","actions":{},"lifecycles":{}},"api::restaurant-user.restaurant-user":{"kind":"collectionType","collectionName":"restaurant_users","info":{"singularName":"restaurant-user","pluralName":"restaurant-users","displayName":"Restaurant Users","description":""},"options":{"draftAndPublish":false},"pluginOptions":{},"attributes":{"login":{"type":"email","required":true,"unique":true},"password":{"type":"password"},"restaurant":{"type":"relation","relation":"manyToOne","target":"api::restaurant.restaurant","inversedBy":"restaurant_users"},"confirmed":{"type":"boolean","default":true,"required":true},"blocked":{"type":"boolean","default":false,"required":true,"private":true},"json":{"type":"json"},"createdAt":{"type":"datetime"},"updatedAt":{"type":"datetime"},"createdBy":{"type":"relation","relation":"oneToOne","target":"admin::user","configurable":false,"writable":false,"visible":false,"useJoinTable":false,"private":true},"updatedBy":{"type":"relation","relation":"oneToOne","target":"admin::user","configurable":false,"writable":false,"visible":false,"useJoinTable":false,"private":true}},"__schema__":{"collectionName":"restaurant_users","info":{"singularName":"restaurant-user","pluralName":"restaurant-users","displayName":"Restaurant Users","description":""},"options":{"draftAndPublish":false},"pluginOptions":{},"attributes":{"login":{"type":"email","required":true,"unique":true},"password":{"type":"password"},"restaurant":{"type":"relation","relation":"manyToOne","target":"api::restaurant.restaurant","inversedBy":"restaurant_users"},"confirmed":{"type":"boolean","default":true,"required":true},"blocked":{"type":"boolean","default":false,"required":true,"private":true},"json":{"type":"json"}},"kind":"collectionType"},"modelType":"contentType","modelName":"restaurant-user","connection":"default","uid":"api::restaurant-user.restaurant-user","apiName":"restaurant-user","globalId":"RestaurantUser","actions":{},"lifecycles":{}}}','object',NULL,NULL);
INSERT INTO strapi_core_store_settings VALUES(2,'plugin_content_manager_configuration_content_types::admin::permission','{"uid":"admin::permission","settings":{"bulkable":true,"filterable":true,"searchable":true,"pageSize":10,"mainField":"action","defaultSortBy":"action","defaultSortOrder":"ASC"},"metadatas":{"id":{"edit":{},"list":{"label":"id","searchable":true,"sortable":true}},"action":{"edit":{"label":"action","description":"","placeholder":"","visible":true,"editable":true},"list":{"label":"action","searchable":true,"sortable":true}},"subject":{"edit":{"label":"subject","description":"","placeholder":"","visible":true,"editable":true},"list":{"label":"subject","searchable":true,"sortable":true}},"properties":{"edit":{"label":"properties","description":"","placeholder":"","visible":true,"editable":true},"list":{"label":"properties","searchable":false,"sortable":false}},"conditions":{"edit":{"label":"conditions","description":"","placeholder":"","visible":true,"editable":true},"list":{"label":"conditions","searchable":false,"sortable":false}},"role":{"edit":{"label":"role","description":"","placeholder":"","visible":true,"editable":true,"mainField":"name"},"list":{"label":"role","searchable":true,"sortable":true}},"createdAt":{"edit":{"label":"createdAt","description":"","placeholder":"","visible":false,"editable":true},"list":{"label":"createdAt","searchable":true,"sortable":true}},"updatedAt":{"edit":{"label":"updatedAt","description":"","placeholder":"","visible":false,"editable":true},"list":{"label":"updatedAt","searchable":true,"sortable":true}}},"layouts":{"list":["id","action","subject","role"],"editRelations":["role"],"edit":[[{"name":"action","size":6},{"name":"subject","size":6}],[{"name":"properties","size":12}],[{"name":"conditions","size":12}]]}}','object',NULL,NULL);
INSERT INTO strapi_core_store_settings VALUES(3,'plugin_content_manager_configuration_content_types::admin::user','{"uid":"admin::user","settings":{"bulkable":true,"filterable":true,"searchable":true,"pageSize":10,"mainField":"firstname","defaultSortBy":"firstname","defaultSortOrder":"ASC"},"metadatas":{"id":{"edit":{},"list":{"label":"id","searchable":true,"sortable":true}},"firstname":{"edit":{"label":"firstname","description":"","placeholder":"","visible":true,"editable":true},"list":{"label":"firstname","searchable":true,"sortable":true}},"lastname":{"edit":{"label":"lastname","description":"","placeholder":"","visible":true,"editable":true},"list":{"label":"lastname","searchable":true,"sortable":true}},"username":{"edit":{"label":"username","description":"","placeholder":"","visible":true,"editable":true},"list":{"label":"username","searchable":true,"sortable":true}},"email":{"edit":{"label":"email","description":"","placeholder":"","visible":true,"editable":true},"list":{"label":"email","searchable":true,"sortable":true}},"password":{"edit":{"label":"password","description":"","placeholder":"","visible":true,"editable":true},"list":{"label":"password","searchable":true,"sortable":true}},"resetPasswordToken":{"edit":{"label":"resetPasswordToken","description":"","placeholder":"","visible":true,"editable":true},"list":{"label":"resetPasswordToken","searchable":true,"sortable":true}},"registrationToken":{"edit":{"label":"registrationToken","description":"","placeholder":"","visible":true,"editable":true},"list":{"label":"registrationToken","searchable":true,"sortable":true}},"isActive":{"edit":{"label":"isActive","description":"","placeholder":"","visible":true,"editable":true},"list":{"label":"isActive","searchable":true,"sortable":true}},"roles":{"edit":{"label":"roles","description":"","placeholder":"","visible":true,"editable":true,"mainField":"name"},"list":{"label":"roles","searchable":false,"sortable":false}},"blocked":{"edit":{"label":"blocked","description":"","placeholder":"","visible":true,"editable":true},"list":{"label":"blocked","searchable":true,"sortable":true}},"preferedLanguage":{"edit":{"label":"preferedLanguage","description":"","placeholder":"","visible":true,"editable":true},"list":{"label":"preferedLanguage","searchable":true,"sortable":true}},"createdAt":{"edit":{"label":"createdAt","description":"","placeholder":"","visible":false,"editable":true},"list":{"label":"createdAt","searchable":true,"sortable":true}},"updatedAt":{"edit":{"label":"updatedAt","description":"","placeholder":"","visible":false,"editable":true},"list":{"label":"updatedAt","searchable":true,"sortable":true}}},"layouts":{"list":["id","firstname","lastname","username"],"editRelations":["roles"],"edit":[[{"name":"firstname","size":6},{"name":"lastname","size":6}],[{"name":"username","size":6},{"name":"email","size":6}],[{"name":"password","size":6},{"name":"resetPasswordToken","size":6}],[{"name":"registrationToken","size":6},{"name":"isActive","size":4}],[{"name":"blocked","size":4},{"name":"preferedLanguage","size":6}]]}}','object',NULL,NULL);
INSERT INTO strapi_core_store_settings VALUES(4,'plugin_content_manager_configuration_content_types::admin::role','{"uid":"admin::role","settings":{"bulkable":true,"filterable":true,"searchable":true,"pageSize":10,"mainField":"name","defaultSortBy":"name","defaultSortOrder":"ASC"},"metadatas":{"id":{"edit":{},"list":{"label":"id","searchable":true,"sortable":true}},"name":{"edit":{"label":"name","description":"","placeholder":"","visible":true,"editable":true},"list":{"label":"name","searchable":true,"sortable":true}},"code":{"edit":{"label":"code","description":"","placeholder":"","visible":true,"editable":true},"list":{"label":"code","searchable":true,"sortable":true}},"description":{"edit":{"label":"description","description":"","placeholder":"","visible":true,"editable":true},"list":{"label":"description","searchable":true,"sortable":true}},"users":{"edit":{"label":"users","description":"","placeholder":"","visible":true,"editable":true,"mainField":"firstname"},"list":{"label":"users","searchable":false,"sortable":false}},"permissions":{"edit":{"label":"permissions","description":"","placeholder":"","visible":true,"editable":true,"mainField":"action"},"list":{"label":"permissions","searchable":false,"sortable":false}},"createdAt":{"edit":{"label":"createdAt","description":"","placeholder":"","visible":false,"editable":true},"list":{"label":"createdAt","searchable":true,"sortable":true}},"updatedAt":{"edit":{"label":"updatedAt","description":"","placeholder":"","visible":false,"editable":true},"list":{"label":"updatedAt","searchable":true,"sortable":true}}},"layouts":{"list":["id","name","code","description"],"editRelations":["users","permissions"],"edit":[[{"name":"name","size":6},{"name":"code","size":6}],[{"name":"description","size":6}]]}}','object',NULL,NULL);
INSERT INTO strapi_core_store_settings VALUES(5,'plugin_content_manager_configuration_content_types::admin::api-token','{"uid":"admin::api-token","settings":{"bulkable":true,"filterable":true,"searchable":true,"pageSize":10,"mainField":"name","defaultSortBy":"name","defaultSortOrder":"ASC"},"metadatas":{"id":{"edit":{},"list":{"label":"id","searchable":true,"sortable":true}},"name":{"edit":{"label":"name","description":"","placeholder":"","visible":true,"editable":true},"list":{"label":"name","searchable":true,"sortable":true}},"description":{"edit":{"label":"description","description":"","placeholder":"","visible":true,"editable":true},"list":{"label":"description","searchable":true,"sortable":true}},"type":{"edit":{"label":"type","description":"","placeholder":"","visible":true,"editable":true},"list":{"label":"type","searchable":true,"sortable":true}},"accessKey":{"edit":{"label":"accessKey","description":"","placeholder":"","visible":true,"editable":true},"list":{"label":"accessKey","searchable":true,"sortable":true}},"createdAt":{"edit":{"label":"createdAt","description":"","placeholder":"","visible":false,"editable":true},"list":{"label":"createdAt","searchable":true,"sortable":true}},"updatedAt":{"edit":{"label":"updatedAt","description":"","placeholder":"","visible":false,"editable":true},"list":{"label":"updatedAt","searchable":true,"sortable":true}}},"layouts":{"list":["id","name","description","type"],"editRelations":[],"edit":[[{"name":"name","size":6},{"name":"description","size":6}],[{"name":"type","size":6},{"name":"accessKey","size":6}]]}}','object',NULL,NULL);
INSERT INTO strapi_core_store_settings VALUES(6,'plugin_content_manager_configuration_content_types::plugin::upload.file','{"uid":"plugin::upload.file","settings":{"bulkable":true,"filterable":true,"searchable":true,"pageSize":10,"mainField":"name","defaultSortBy":"name","defaultSortOrder":"ASC"},"metadatas":{"id":{"edit":{},"list":{"label":"id","searchable":true,"sortable":true}},"name":{"edit":{"label":"name","description":"","placeholder":"","visible":true,"editable":true},"list":{"label":"name","searchable":true,"sortable":true}},"alternativeText":{"edit":{"label":"alternativeText","description":"","placeholder":"","visible":true,"editable":true},"list":{"label":"alternativeText","searchable":true,"sortable":true}},"caption":{"edit":{"label":"caption","description":"","placeholder":"","visible":true,"editable":true},"list":{"label":"caption","searchable":true,"sortable":true}},"width":{"edit":{"label":"width","description":"","placeholder":"","visible":true,"editable":true},"list":{"label":"width","searchable":true,"sortable":true}},"height":{"edit":{"label":"height","description":"","placeholder":"","visible":true,"editable":true},"list":{"label":"height","searchable":true,"sortable":true}},"formats":{"edit":{"label":"formats","description":"","placeholder":"","visible":true,"editable":true},"list":{"label":"formats","searchable":false,"sortable":false}},"hash":{"edit":{"label":"hash","description":"","placeholder":"","visible":true,"editable":true},"list":{"label":"hash","searchable":true,"sortable":true}},"ext":{"edit":{"label":"ext","description":"","placeholder":"","visible":true,"editable":true},"list":{"label":"ext","searchable":true,"sortable":true}},"mime":{"edit":{"label":"mime","description":"","placeholder":"","visible":true,"editable":true},"list":{"label":"mime","searchable":true,"sortable":true}},"size":{"edit":{"label":"size","description":"","placeholder":"","visible":true,"editable":true},"list":{"label":"size","searchable":true,"sortable":true}},"url":{"edit":{"label":"url","description":"","placeholder":"","visible":true,"editable":true},"list":{"label":"url","searchable":true,"sortable":true}},"previewUrl":{"edit":{"label":"previewUrl","description":"","placeholder":"","visible":true,"editable":true},"list":{"label":"previewUrl","searchable":true,"sortable":true}},"provider":{"edit":{"label":"provider","description":"","placeholder":"","visible":true,"editable":true},"list":{"label":"provider","searchable":true,"sortable":true}},"provider_metadata":{"edit":{"label":"provider_metadata","description":"","placeholder":"","visible":true,"editable":true},"list":{"label":"provider_metadata","searchable":false,"sortable":false}},"createdAt":{"edit":{"label":"createdAt","description":"","placeholder":"","visible":false,"editable":true},"list":{"label":"createdAt","searchable":true,"sortable":true}},"updatedAt":{"edit":{"label":"updatedAt","description":"","placeholder":"","visible":false,"editable":true},"list":{"label":"updatedAt","searchable":true,"sortable":true}}},"layouts":{"list":["id","name","alternativeText","caption"],"editRelations":[],"edit":[[{"name":"name","size":6},{"name":"alternativeText","size":6}],[{"name":"caption","size":6},{"name":"width","size":4}],[{"name":"height","size":4}],[{"name":"formats","size":12}],[{"name":"hash","size":6},{"name":"ext","size":6}],[{"name":"mime","size":6},{"name":"size","size":4}],[{"name":"url","size":6},{"name":"previewUrl","size":6}],[{"name":"provider","size":6}],[{"name":"provider_metadata","size":12}]]}}','object',NULL,NULL);
INSERT INTO strapi_core_store_settings VALUES(7,'plugin_content_manager_configuration_content_types::plugin::i18n.locale','{"uid":"plugin::i18n.locale","settings":{"bulkable":true,"filterable":true,"searchable":true,"pageSize":10,"mainField":"name","defaultSortBy":"name","defaultSortOrder":"ASC"},"metadatas":{"id":{"edit":{},"list":{"label":"id","searchable":true,"sortable":true}},"name":{"edit":{"label":"name","description":"","placeholder":"","visible":true,"editable":true},"list":{"label":"name","searchable":true,"sortable":true}},"code":{"edit":{"label":"code","description":"","placeholder":"","visible":true,"editable":true},"list":{"label":"code","searchable":true,"sortable":true}},"createdAt":{"edit":{"label":"createdAt","description":"","placeholder":"","visible":false,"editable":true},"list":{"label":"createdAt","searchable":true,"sortable":true}},"updatedAt":{"edit":{"label":"updatedAt","description":"","placeholder":"","visible":false,"editable":true},"list":{"label":"updatedAt","searchable":true,"sortable":true}}},"layouts":{"list":["id","name","code","createdAt"],"editRelations":[],"edit":[[{"name":"name","size":6},{"name":"code","size":6}]]}}','object',NULL,NULL);
INSERT INTO strapi_core_store_settings VALUES(8,'plugin_content_manager_configuration_content_types::plugin::users-permissions.permission','{"uid":"plugin::users-permissions.permission","settings":{"bulkable":true,"filterable":true,"searchable":true,"pageSize":10,"mainField":"action","defaultSortBy":"action","defaultSortOrder":"ASC"},"metadatas":{"id":{"edit":{},"list":{"label":"id","searchable":true,"sortable":true}},"action":{"edit":{"label":"action","description":"","placeholder":"","visible":true,"editable":true},"list":{"label":"action","searchable":true,"sortable":true}},"role":{"edit":{"label":"role","description":"","placeholder":"","visible":true,"editable":true,"mainField":"name"},"list":{"label":"role","searchable":true,"sortable":true}},"createdAt":{"edit":{"label":"createdAt","description":"","placeholder":"","visible":false,"editable":true},"list":{"label":"createdAt","searchable":true,"sortable":true}},"updatedAt":{"edit":{"label":"updatedAt","description":"","placeholder":"","visible":false,"editable":true},"list":{"label":"updatedAt","searchable":true,"sortable":true}}},"layouts":{"list":["id","action","role","createdAt"],"editRelations":["role"],"edit":[[{"name":"action","size":6}]]}}','object',NULL,NULL);
INSERT INTO strapi_core_store_settings VALUES(9,'plugin_content_manager_configuration_content_types::plugin::users-permissions.role','{"uid":"plugin::users-permissions.role","settings":{"bulkable":true,"filterable":true,"searchable":true,"pageSize":10,"mainField":"name","defaultSortBy":"name","defaultSortOrder":"ASC"},"metadatas":{"id":{"edit":{},"list":{"label":"id","searchable":true,"sortable":true}},"name":{"edit":{"label":"name","description":"","placeholder":"","visible":true,"editable":true},"list":{"label":"name","searchable":true,"sortable":true}},"description":{"edit":{"label":"description","description":"","placeholder":"","visible":true,"editable":true},"list":{"label":"description","searchable":true,"sortable":true}},"type":{"edit":{"label":"type","description":"","placeholder":"","visible":true,"editable":true},"list":{"label":"type","searchable":true,"sortable":true}},"permissions":{"edit":{"label":"permissions","description":"","placeholder":"","visible":true,"editable":true,"mainField":"action"},"list":{"label":"permissions","searchable":false,"sortable":false}},"users":{"edit":{"label":"users","description":"","placeholder":"","visible":true,"editable":true,"mainField":"username"},"list":{"label":"users","searchable":false,"sortable":false}},"createdAt":{"edit":{"label":"createdAt","description":"","placeholder":"","visible":false,"editable":true},"list":{"label":"createdAt","searchable":true,"sortable":true}},"updatedAt":{"edit":{"label":"updatedAt","description":"","placeholder":"","visible":false,"editable":true},"list":{"label":"updatedAt","searchable":true,"sortable":true}}},"layouts":{"list":["id","name","description","type"],"editRelations":["permissions","users"],"edit":[[{"name":"name","size":6},{"name":"description","size":6}],[{"name":"type","size":6}]]}}','object',NULL,NULL);
INSERT INTO strapi_core_store_settings VALUES(10,'plugin_content_manager_configuration_content_types::plugin::users-permissions.user','{"uid":"plugin::users-permissions.user","settings":{"bulkable":true,"filterable":true,"searchable":true,"pageSize":10,"mainField":"username","defaultSortBy":"username","defaultSortOrder":"ASC"},"metadatas":{"id":{"edit":{},"list":{"label":"id","searchable":true,"sortable":true}},"username":{"edit":{"label":"username","description":"","placeholder":"","visible":true,"editable":true},"list":{"label":"username","searchable":true,"sortable":true}},"email":{"edit":{"label":"email","description":"","placeholder":"","visible":true,"editable":true},"list":{"label":"email","searchable":true,"sortable":true}},"provider":{"edit":{"label":"provider","description":"","placeholder":"","visible":false,"editable":true},"list":{"label":"provider","searchable":true,"sortable":true}},"password":{"edit":{"label":"password","description":"","placeholder":"","visible":true,"editable":true},"list":{"label":"password","searchable":true,"sortable":true}},"resetPasswordToken":{"edit":{"label":"resetPasswordToken","description":"","placeholder":"","visible":false,"editable":true},"list":{"label":"resetPasswordToken","searchable":true,"sortable":true}},"confirmationToken":{"edit":{"label":"confirmationToken","description":"","placeholder":"","visible":false,"editable":true},"list":{"label":"confirmationToken","searchable":true,"sortable":true}},"confirmed":{"edit":{"label":"confirmed","description":"","placeholder":"","visible":true,"editable":true},"list":{"label":"confirmed","searchable":true,"sortable":true}},"blocked":{"edit":{"label":"blocked","description":"","placeholder":"","visible":true,"editable":true},"list":{"label":"blocked","searchable":true,"sortable":true}},"role":{"edit":{"label":"role","description":"","placeholder":"","visible":true,"editable":true,"mainField":"name"},"list":{"label":"role","searchable":true,"sortable":true}},"createdAt":{"edit":{"label":"createdAt","description":"","placeholder":"","visible":false,"editable":true},"list":{"label":"createdAt","searchable":true,"sortable":true}},"updatedAt":{"edit":{"label":"updatedAt","description":"","placeholder":"","visible":false,"editable":true},"list":{"label":"updatedAt","searchable":true,"sortable":true}}},"layouts":{"list":["id","username","email","confirmed"],"editRelations":["role"],"edit":[[{"name":"username","size":6},{"name":"email","size":6}],[{"name":"password","size":6},{"name":"confirmed","size":4}],[{"name":"blocked","size":4}]]}}','object',NULL,NULL);
INSERT INTO strapi_core_store_settings VALUES(11,'plugin_content_manager_configuration_content_types::api::advertisement-position.advertisement-position','{"uid":"api::advertisement-position.advertisement-position","settings":{"bulkable":true,"filterable":true,"searchable":true,"pageSize":10,"mainField":"position","defaultSortBy":"position","defaultSortOrder":"ASC"},"metadatas":{"id":{"edit":{},"list":{"label":"id","searchable":true,"sortable":true}},"position":{"edit":{"label":"position","description":"","placeholder":"","visible":true,"editable":true},"list":{"label":"position","searchable":true,"sortable":true}},"createdAt":{"edit":{"label":"createdAt","description":"","placeholder":"","visible":false,"editable":true},"list":{"label":"createdAt","searchable":true,"sortable":true}},"updatedAt":{"edit":{"label":"updatedAt","description":"","placeholder":"","visible":false,"editable":true},"list":{"label":"updatedAt","searchable":true,"sortable":true}}},"layouts":{"list":["id","position","createdAt","updatedAt"],"editRelations":[],"edit":[[{"name":"position","size":6}]]}}','object',NULL,NULL);
INSERT INTO strapi_core_store_settings VALUES(12,'plugin_content_manager_configuration_content_types::api::cms-advertisement.cms-advertisement','{"uid":"api::cms-advertisement.cms-advertisement","settings":{"bulkable":true,"filterable":true,"searchable":true,"pageSize":100,"mainField":"title","defaultSortBy":"title","defaultSortOrder":"ASC"},"metadatas":{"id":{"edit":{},"list":{"label":"id","searchable":true,"sortable":true}},"title":{"edit":{"label":"title","description":"","placeholder":"","visible":true,"editable":true},"list":{"label":"title","searchable":true,"sortable":true}},"images":{"edit":{"label":"images","description":"","placeholder":"","visible":true,"editable":true},"list":{"label":"images","searchable":false,"sortable":false}},"description":{"edit":{"label":"description","description":"","placeholder":"","visible":true,"editable":true},"list":{"label":"description","searchable":false,"sortable":false}},"restaurants":{"edit":{"label":"restaurants","description":"","placeholder":"","visible":true,"editable":true,"mainField":"name"},"list":{"label":"restaurants","searchable":false,"sortable":false}},"createdAt":{"edit":{"label":"createdAt","description":"","placeholder":"","visible":false,"editable":true},"list":{"label":"createdAt","searchable":true,"sortable":true}},"updatedAt":{"edit":{"label":"updatedAt","description":"","placeholder":"","visible":false,"editable":true},"list":{"label":"updatedAt","searchable":true,"sortable":true}}},"layouts":{"list":["id","title","images","createdAt"],"edit":[[{"name":"title","size":6},{"name":"images","size":6}],[{"name":"description","size":12}]],"editRelations":["restaurants"]}}','object',NULL,NULL);
INSERT INTO strapi_core_store_settings VALUES(13,'plugin_content_manager_configuration_content_types::api::hello-table.hello-table','{"uid":"api::hello-table.hello-table","settings":{"bulkable":true,"filterable":true,"searchable":true,"pageSize":10,"mainField":"title","defaultSortBy":"title","defaultSortOrder":"ASC"},"metadatas":{"id":{"edit":{},"list":{"label":"id","searchable":true,"sortable":true}},"title":{"edit":{"label":"title","description":"","placeholder":"","visible":true,"editable":true},"list":{"label":"title","searchable":true,"sortable":true}},"createdAt":{"edit":{"label":"createdAt","description":"","placeholder":"","visible":false,"editable":true},"list":{"label":"createdAt","searchable":true,"sortable":true}},"updatedAt":{"edit":{"label":"updatedAt","description":"","placeholder":"","visible":false,"editable":true},"list":{"label":"updatedAt","searchable":true,"sortable":true}}},"layouts":{"list":["id","title","createdAt","updatedAt"],"editRelations":[],"edit":[[{"name":"title","size":6}]]}}','object',NULL,NULL);
INSERT INTO strapi_core_store_settings VALUES(14,'plugin_content_manager_configuration_content_types::api::meny-service-class.meny-service-class','{"uid":"api::meny-service-class.meny-service-class","settings":{"bulkable":true,"filterable":true,"searchable":true,"pageSize":100,"mainField":"name","defaultSortBy":"name","defaultSortOrder":"ASC"},"metadatas":{"id":{"edit":{},"list":{"label":"id","searchable":true,"sortable":true}},"name":{"edit":{"label":"name","description":"","placeholder":"","visible":true,"editable":true},"list":{"label":"name","searchable":true,"sortable":true}},"restaurants":{"edit":{"label":"restaurants","description":"","placeholder":"","visible":true,"editable":true,"mainField":"name"},"list":{"label":"restaurants","searchable":false,"sortable":false}},"createdAt":{"edit":{"label":"createdAt","description":"","placeholder":"","visible":false,"editable":true},"list":{"label":"createdAt","searchable":true,"sortable":true}},"updatedAt":{"edit":{"label":"updatedAt","description":"","placeholder":"","visible":false,"editable":true},"list":{"label":"updatedAt","searchable":true,"sortable":true}}},"layouts":{"edit":[[{"name":"name","size":6}]],"editRelations":["restaurants"],"list":["id","name","createdAt","updatedAt"]}}','object',NULL,NULL);
INSERT INTO strapi_core_store_settings VALUES(15,'plugin_content_manager_configuration_content_types::api::restaurant.restaurant','{"uid":"api::restaurant.restaurant","settings":{"bulkable":true,"filterable":true,"searchable":true,"pageSize":100,"mainField":"name","defaultSortBy":"name","defaultSortOrder":"ASC"},"metadatas":{"id":{"edit":{},"list":{"label":"id","searchable":true,"sortable":true}},"name":{"edit":{"label":"name","description":"","placeholder":"","visible":true,"editable":true},"list":{"label":"name","searchable":true,"sortable":true}},"restaurant_avatars":{"edit":{"label":"restaurant_avatars","description":"","placeholder":"","visible":true,"editable":true},"list":{"label":"avatars","searchable":false,"sortable":false}},"blocked":{"edit":{"label":"blocked","description":"","placeholder":"","visible":true,"editable":true},"list":{"label":"blocked","searchable":true,"sortable":true}},"advertisementConfigDisabled":{"edit":{"label":"advertisementConfigDisabled","description":"","placeholder":"","visible":true,"editable":true},"list":{"label":"adConfigDisabled","searchable":true,"sortable":true}},"meny_service_class":{"edit":{"label":"meny_service_class","description":"","placeholder":"","visible":true,"editable":true,"mainField":"name"},"list":{"label":"meny_service_class","searchable":true,"sortable":true}},"restaurant_users":{"edit":{"label":"restaurant_users","description":"","placeholder":"","visible":true,"editable":true,"mainField":"login"},"list":{"label":"restaurant_users","searchable":false,"sortable":false}},"cms_advertisements":{"edit":{"label":"cms_advertisements","description":"","placeholder":"","visible":true,"editable":true,"mainField":"title"},"list":{"label":"cms_advertisements","searchable":false,"sortable":false}},"restaurant_menu":{"edit":{"label":"restaurant_menu","description":"","placeholder":"","visible":true,"editable":true,"mainField":"name"},"list":{"label":"restaurant_menu","searchable":true,"sortable":true}},"address":{"edit":{"label":"address","description":"","placeholder":"","visible":true,"editable":true},"list":{"label":"address","searchable":true,"sortable":true}},"confirmed":{"edit":{"label":"confirmed","description":"","placeholder":"","visible":true,"editable":true},"list":{"label":"confirmed","searchable":true,"sortable":true}},"resetPasswordToken":{"edit":{"label":"resetPasswordToken","description":"","placeholder":"","visible":true,"editable":true},"list":{"label":"resetPasswordToken","searchable":true,"sortable":true}},"confirmationToken":{"edit":{"label":"confirmationToken","description":"","placeholder":"","visible":true,"editable":true},"list":{"label":"confirmationToken","searchable":true,"sortable":true}},"json":{"edit":{"label":"json","description":"","placeholder":"","visible":true,"editable":true},"list":{"label":"json","searchable":false,"sortable":false}},"remarks":{"edit":{"label":"remarks","description":"","placeholder":"","visible":true,"editable":true},"list":{"label":"remarks","searchable":true,"sortable":true}},"createdAt":{"edit":{"label":"createdAt","description":"","placeholder":"","visible":false,"editable":true},"list":{"label":"createdAt","searchable":true,"sortable":true}},"updatedAt":{"edit":{"label":"updatedAt","description":"","placeholder":"","visible":false,"editable":true},"list":{"label":"updatedAt","searchable":true,"sortable":true}}},"layouts":{"edit":[[{"name":"name","size":4},{"name":"address","size":4},{"name":"restaurant_avatars","size":4}],[{"name":"remarks","size":4},{"name":"blocked","size":4},{"name":"confirmed","size":4}],[{"name":"advertisementConfigDisabled","size":4}],[{"name":"json","size":12}]],"editRelations":["meny_service_class","restaurant_users","cms_advertisements","restaurant_menu"],"list":["restaurant_avatars","name","address","meny_service_class","restaurant_users","advertisementConfigDisabled"]}}','object',NULL,NULL);
INSERT INTO strapi_core_store_settings VALUES(16,'plugin_content_manager_configuration_content_types::api::restaurant-food.restaurant-food','{"uid":"api::restaurant-food.restaurant-food","settings":{"bulkable":true,"filterable":true,"searchable":true,"pageSize":100,"mainField":"name","defaultSortBy":"id","defaultSortOrder":"ASC"},"metadatas":{"id":{"edit":{},"list":{"label":"id","searchable":true,"sortable":true}},"name":{"edit":{"label":"name","description":"","placeholder":"","visible":true,"editable":true},"list":{"label":"name","searchable":true,"sortable":true}},"description":{"edit":{"label":"description","description":"","placeholder":"","visible":true,"editable":true},"list":{"label":"description","searchable":false,"sortable":false}},"price":{"edit":{"label":"price","description":"","placeholder":"","visible":true,"editable":true},"list":{"label":"price","searchable":true,"sortable":true}},"images":{"edit":{"label":"images","description":"","placeholder":"","visible":true,"editable":true},"list":{"label":"images","searchable":false,"sortable":false}},"available":{"edit":{"label":"available","description":"","placeholder":"","visible":true,"editable":true},"list":{"label":"available","searchable":true,"sortable":true}},"restaurant_food_categories":{"edit":{"label":"restaurant_food_categories","description":"","placeholder":"","visible":true,"editable":true,"mainField":"name"},"list":{"label":"restaurant_food_categories","searchable":false,"sortable":false}},"restaurant_food_tags":{"edit":{"label":"restaurant_food_tags","description":"","placeholder":"","visible":true,"editable":true,"mainField":"name"},"list":{"label":"restaurant_food_tags","searchable":false,"sortable":false}},"createdAt":{"edit":{"label":"createdAt","description":"","placeholder":"","visible":false,"editable":true},"list":{"label":"createdAt","searchable":true,"sortable":true}},"updatedAt":{"edit":{"label":"updatedAt","description":"","placeholder":"","visible":false,"editable":true},"list":{"label":"updatedAt","searchable":true,"sortable":true}}},"layouts":{"edit":[[{"name":"name","size":6}],[{"name":"description","size":12}],[{"name":"price","size":4},{"name":"images","size":6}],[{"name":"available","size":4}]],"editRelations":["restaurant_food_categories","restaurant_food_tags"],"list":["id","name","price","images","available","restaurant_food_categories","restaurant_food_tags"]}}','object',NULL,NULL);
INSERT INTO strapi_core_store_settings VALUES(17,'plugin_content_manager_configuration_content_types::api::restaurant-food-category.restaurant-food-category','{"uid":"api::restaurant-food-category.restaurant-food-category","settings":{"bulkable":true,"filterable":true,"searchable":true,"pageSize":100,"mainField":"name","defaultSortBy":"name","defaultSortOrder":"ASC"},"metadatas":{"id":{"edit":{},"list":{"label":"id","searchable":true,"sortable":true}},"name":{"edit":{"label":"name","description":"","placeholder":"","visible":true,"editable":true},"list":{"label":"name","searchable":true,"sortable":true}},"description":{"edit":{"label":"description","description":"","placeholder":"","visible":true,"editable":true},"list":{"label":"description","searchable":false,"sortable":false}},"restaurant_foods":{"edit":{"label":"restaurant_foods","description":"","placeholder":"","visible":true,"editable":true,"mainField":"name"},"list":{"label":"restaurant_foods","searchable":false,"sortable":false}},"restaurant_menus":{"edit":{"label":"restaurant_menus","description":"","placeholder":"","visible":true,"editable":true,"mainField":"name"},"list":{"label":"restaurant_menus","searchable":false,"sortable":false}},"position":{"edit":{"label":"position","description":"","placeholder":"","visible":true,"editable":true},"list":{"label":"position","searchable":true,"sortable":true}},"createdAt":{"edit":{"label":"createdAt","description":"","placeholder":"","visible":false,"editable":true},"list":{"label":"createdAt","searchable":true,"sortable":true}},"updatedAt":{"edit":{"label":"updatedAt","description":"","placeholder":"","visible":false,"editable":true},"list":{"label":"updatedAt","searchable":true,"sortable":true}}},"layouts":{"list":["id","name","createdAt","updatedAt","restaurant_foods","restaurant_menus"],"edit":[[{"name":"name","size":6}],[{"name":"description","size":12}],[{"name":"position","size":4}]],"editRelations":["restaurant_foods","restaurant_menus"]}}','object',NULL,NULL);
INSERT INTO strapi_core_store_settings VALUES(18,'plugin_content_manager_configuration_content_types::api::restaurant-food-tag.restaurant-food-tag','{"uid":"api::restaurant-food-tag.restaurant-food-tag","settings":{"bulkable":true,"filterable":true,"searchable":true,"pageSize":100,"mainField":"name","defaultSortBy":"name","defaultSortOrder":"ASC"},"metadatas":{"id":{"edit":{},"list":{"label":"id","searchable":true,"sortable":true}},"name":{"edit":{"label":"name","description":"","placeholder":"","visible":true,"editable":true},"list":{"label":"name","searchable":true,"sortable":true}},"description":{"edit":{"label":"description","description":"","placeholder":"","visible":true,"editable":true},"list":{"label":"description","searchable":false,"sortable":false}},"restaurant_foods":{"edit":{"label":"restaurant_foods","description":"","placeholder":"","visible":true,"editable":true,"mainField":"name"},"list":{"label":"restaurant_foods","searchable":false,"sortable":false}},"createdAt":{"edit":{"label":"createdAt","description":"","placeholder":"","visible":false,"editable":true},"list":{"label":"createdAt","searchable":true,"sortable":true}},"updatedAt":{"edit":{"label":"updatedAt","description":"","placeholder":"","visible":false,"editable":true},"list":{"label":"updatedAt","searchable":true,"sortable":true}}},"layouts":{"list":["id","name","createdAt","updatedAt"],"edit":[[{"name":"name","size":6}],[{"name":"description","size":12}]],"editRelations":["restaurant_foods"]}}','object',NULL,NULL);
INSERT INTO strapi_core_store_settings VALUES(19,'plugin_content_manager_configuration_content_types::api::restaurant-menu.restaurant-menu','{"uid":"api::restaurant-menu.restaurant-menu","settings":{"bulkable":true,"filterable":true,"searchable":true,"pageSize":100,"mainField":"name","defaultSortBy":"name","defaultSortOrder":"ASC"},"metadatas":{"id":{"edit":{},"list":{"label":"id","searchable":true,"sortable":true}},"name":{"edit":{"label":"name","description":"","placeholder":"","visible":true,"editable":true},"list":{"label":"name","searchable":true,"sortable":true}},"description":{"edit":{"label":"description","description":"","placeholder":"","visible":true,"editable":true},"list":{"label":"description","searchable":false,"sortable":false}},"disabled":{"edit":{"label":"disabled","description":"","placeholder":"","visible":true,"editable":true},"list":{"label":"disabled","searchable":true,"sortable":true}},"restaurant_food_categories":{"edit":{"label":"restaurant_food_categories","description":"","placeholder":"","visible":true,"editable":true,"mainField":"name"},"list":{"label":"restaurant_food_categories","searchable":false,"sortable":false}},"position":{"edit":{"label":"position","description":"","placeholder":"","visible":true,"editable":true},"list":{"label":"position","searchable":true,"sortable":true}},"createdAt":{"edit":{"label":"createdAt","description":"","placeholder":"","visible":false,"editable":true},"list":{"label":"createdAt","searchable":true,"sortable":true}},"updatedAt":{"edit":{"label":"updatedAt","description":"","placeholder":"","visible":false,"editable":true},"list":{"label":"updatedAt","searchable":true,"sortable":true}}},"layouts":{"list":["id","name","createdAt","updatedAt"],"edit":[[{"name":"name","size":6}],[{"name":"description","size":12}],[{"name":"disabled","size":4},{"name":"position","size":4}]],"editRelations":["restaurant_food_categories"]}}','object',NULL,NULL);
INSERT INTO strapi_core_store_settings VALUES(20,'plugin_content_manager_configuration_content_types::api::restaurant-open-status.restaurant-open-status','{"uid":"api::restaurant-open-status.restaurant-open-status","settings":{"bulkable":true,"filterable":true,"searchable":true,"pageSize":100,"mainField":"status","defaultSortBy":"status","defaultSortOrder":"ASC"},"metadatas":{"id":{"edit":{},"list":{"label":"id","searchable":true,"sortable":true}},"status":{"edit":{"label":"status","description":"","placeholder":"","visible":true,"editable":true},"list":{"label":"status","searchable":true,"sortable":true}},"createdAt":{"edit":{"label":"createdAt","description":"","placeholder":"","visible":false,"editable":true},"list":{"label":"createdAt","searchable":true,"sortable":true}},"updatedAt":{"edit":{"label":"updatedAt","description":"","placeholder":"","visible":false,"editable":true},"list":{"label":"updatedAt","searchable":true,"sortable":true}}},"layouts":{"edit":[[{"name":"status","size":6}]],"editRelations":[],"list":["id","status","createdAt","updatedAt"]}}','object',NULL,NULL);
INSERT INTO strapi_core_store_settings VALUES(21,'plugin_content_manager_configuration_content_types::api::restaurant-order.restaurant-order','{"uid":"api::restaurant-order.restaurant-order","settings":{"bulkable":true,"filterable":true,"searchable":true,"pageSize":100,"mainField":"state","defaultSortBy":"state","defaultSortOrder":"ASC"},"metadatas":{"id":{"edit":{},"list":{"label":"id","searchable":true,"sortable":true}},"state":{"edit":{"label":"state","description":"","placeholder":"","visible":true,"editable":true},"list":{"label":"state","searchable":true,"sortable":true}},"createdAt":{"edit":{"label":"createdAt","description":"","placeholder":"","visible":false,"editable":true},"list":{"label":"createdAt","searchable":true,"sortable":true}},"updatedAt":{"edit":{"label":"updatedAt","description":"","placeholder":"","visible":false,"editable":true},"list":{"label":"updatedAt","searchable":true,"sortable":true}}},"layouts":{"edit":[[{"name":"state","size":6}]],"editRelations":[],"list":["id","state","createdAt","updatedAt"]}}','object',NULL,NULL);
INSERT INTO strapi_core_store_settings VALUES(22,'plugin_content_manager_configuration_content_types::api::restaurant-user.restaurant-user','{"uid":"api::restaurant-user.restaurant-user","settings":{"bulkable":true,"filterable":true,"searchable":true,"pageSize":100,"mainField":"login","defaultSortBy":"login","defaultSortOrder":"ASC"},"metadatas":{"id":{"edit":{},"list":{"label":"id","searchable":true,"sortable":true}},"login":{"edit":{"label":"login","description":"","placeholder":"","visible":true,"editable":true},"list":{"label":"login","searchable":true,"sortable":true}},"password":{"edit":{"label":"password","description":"","placeholder":"","visible":true,"editable":true},"list":{"label":"password","searchable":true,"sortable":true}},"restaurant":{"edit":{"label":"restaurant","description":"","placeholder":"","visible":true,"editable":true,"mainField":"name"},"list":{"label":"restaurant","searchable":true,"sortable":true}},"confirmed":{"edit":{"label":"confirmed","description":"","placeholder":"","visible":true,"editable":true},"list":{"label":"confirmed","searchable":true,"sortable":true}},"blocked":{"edit":{"label":"blocked","description":"","placeholder":"","visible":true,"editable":true},"list":{"label":"blocked","searchable":true,"sortable":true}},"json":{"edit":{"label":"json","description":"","placeholder":"","visible":true,"editable":true},"list":{"label":"json","searchable":false,"sortable":false}},"createdAt":{"edit":{"label":"createdAt","description":"","placeholder":"","visible":false,"editable":true},"list":{"label":"createdAt","searchable":true,"sortable":true}},"updatedAt":{"edit":{"label":"updatedAt","description":"","placeholder":"","visible":false,"editable":true},"list":{"label":"updatedAt","searchable":true,"sortable":true}}},"layouts":{"edit":[[{"name":"login","size":6},{"name":"password","size":6}],[{"name":"confirmed","size":4},{"name":"blocked","size":4}],[{"name":"json","size":12}]],"editRelations":["restaurant"],"list":["login","restaurant"]}}','object',NULL,NULL);
INSERT INTO strapi_core_store_settings VALUES(23,'plugin_upload_settings','{"sizeOptimization":true,"responsiveDimensions":true,"autoOrientation":false}','object',NULL,NULL);
INSERT INTO strapi_core_store_settings VALUES(24,'plugin_i18n_default_locale','"en"','string',NULL,NULL);
INSERT INTO strapi_core_store_settings VALUES(25,'plugin_users-permissions_grant','{"email":{"enabled":true,"icon":"envelope"},"discord":{"enabled":false,"icon":"discord","key":"","secret":"","callback":"api/auth/discord/callback","scope":["identify","email"]},"facebook":{"enabled":false,"icon":"facebook-square","key":"","secret":"","callback":"api/auth/facebook/callback","scope":["email"]},"google":{"enabled":false,"icon":"google","key":"","secret":"","callback":"api/auth/google/callback","scope":["email"]},"github":{"enabled":false,"icon":"github","key":"","secret":"","callback":"api/auth/github/callback","scope":["user","user:email"]},"microsoft":{"enabled":false,"icon":"windows","key":"","secret":"","callback":"api/auth/microsoft/callback","scope":["user.read"]},"twitter":{"enabled":false,"icon":"twitter","key":"","secret":"","callback":"api/auth/twitter/callback"},"instagram":{"enabled":false,"icon":"instagram","key":"","secret":"","callback":"api/auth/instagram/callback","scope":["user_profile"]},"vk":{"enabled":false,"icon":"vk","key":"","secret":"","callback":"api/auth/vk/callback","scope":["email"]},"twitch":{"enabled":false,"icon":"twitch","key":"","secret":"","callback":"api/auth/twitch/callback","scope":["user:read:email"]},"linkedin":{"enabled":false,"icon":"linkedin","key":"","secret":"","callback":"api/auth/linkedin/callback","scope":["r_liteprofile","r_emailaddress"]},"cognito":{"enabled":false,"icon":"aws","key":"","secret":"","subdomain":"my.subdomain.com","callback":"api/auth/cognito/callback","scope":["email","openid","profile"]},"reddit":{"enabled":false,"icon":"reddit","key":"","secret":"","state":true,"callback":"api/auth/reddit/callback","scope":["identity"]},"auth0":{"enabled":false,"icon":"","key":"","secret":"","subdomain":"my-tenant.eu","callback":"api/auth/auth0/callback","scope":["openid","email","profile"]},"cas":{"enabled":false,"icon":"book","key":"","secret":"","callback":"api/auth/cas/callback","scope":["openid email"],"subdomain":"my.subdomain.com/cas"}}','object',NULL,NULL);
INSERT INTO strapi_core_store_settings VALUES(26,'plugin_users-permissions_email','{"reset_password":{"display":"Email.template.reset_password","icon":"sync","options":{"from":{"name":"Administration Panel","email":"no-reply@strapi.io"},"response_email":"","object":"Reset password","message":"<p>We heard that you lost your password. Sorry about that!</p>\n\n<p>But dont worry! You can use the following link to reset your password:</p>\n<p><%= URL %>?code=<%= TOKEN %></p>\n\n<p>Thanks.</p>"}},"email_confirmation":{"display":"Email.template.email_confirmation","icon":"check-square","options":{"from":{"name":"Administration Panel","email":"no-reply@strapi.io"},"response_email":"","object":"Account confirmation","message":"<p>Thank you for registering!</p>\n\n<p>You have to confirm your email address. Please click on the link below.</p>\n\n<p><%= URL %>?confirmation=<%= CODE %></p>\n\n<p>Thanks.</p>"}}}','object',NULL,NULL);
INSERT INTO strapi_core_store_settings VALUES(27,'plugin_users-permissions_advanced','{"unique_email":true,"allow_register":true,"email_confirmation":false,"email_reset_password":null,"email_confirmation_redirection":null,"default_role":"authenticated"}','object',NULL,NULL);
INSERT INTO strapi_core_store_settings VALUES(28,'core_admin_auth','{"providers":{"autoRegister":false,"defaultRole":null}}','object',NULL,NULL);
CREATE TABLE `strapi_webhooks` (`id` integer not null primary key autoincrement, `name` varchar(255) null, `url` text null, `headers` json null, `events` json null, `enabled` boolean null);
CREATE TABLE IF NOT EXISTS "admin_permissions" (`id` integer PRIMARY KEY AUTOINCREMENT NOT NULL, `action` varchar(255) NULL, `subject` varchar(255) NULL, `properties` json NULL, `conditions` json NULL, `created_at` datetime NULL, `updated_at` datetime NULL, `created_by_id` integer NULL, `updated_by_id` integer NULL, CONSTRAINT `admin_permissions_created_by_id_fk` FOREIGN KEY (`created_by_id`) REFERENCES `admin_users` (`id`) ON DELETE SET NULL, CONSTRAINT `admin_permissions_updated_by_id_fk` FOREIGN KEY (`updated_by_id`) REFERENCES `admin_users` (`id`) ON DELETE SET NULL, CONSTRAINT `admin_permissions_created_by_id_fk` FOREIGN KEY (`created_by_id`) REFERENCES `admin_users` (`id`) ON DELETE SET NULL, CONSTRAINT `admin_permissions_updated_by_id_fk` FOREIGN KEY (`updated_by_id`) REFERENCES `admin_users` (`id`) ON DELETE SET NULL);
INSERT INTO admin_permissions VALUES(54,'plugin::upload.read',NULL,'{}','[]',1648746841643,1648746841643,NULL,NULL);
INSERT INTO admin_permissions VALUES(55,'plugin::upload.assets.create',NULL,'{}','[]',1648746841683,1648746841683,NULL,NULL);
INSERT INTO admin_permissions VALUES(56,'plugin::upload.assets.update',NULL,'{}','[]',1648746841719,1648746841719,NULL,NULL);
INSERT INTO admin_permissions VALUES(57,'plugin::upload.assets.download',NULL,'{}','[]',1648746841749,1648746841749,NULL,NULL);
INSERT INTO admin_permissions VALUES(58,'plugin::upload.assets.copy-link',NULL,'{}','[]',1648746841790,1648746841790,NULL,NULL);
INSERT INTO admin_permissions VALUES(107,'plugin::upload.read',NULL,'{}','["admin::is-creator"]',1648746843439,1648746843439,NULL,NULL);
INSERT INTO admin_permissions VALUES(108,'plugin::upload.assets.create',NULL,'{}','[]',1648746843481,1648746843481,NULL,NULL);
INSERT INTO admin_permissions VALUES(109,'plugin::upload.assets.update',NULL,'{}','["admin::is-creator"]',1648746843514,1648746843514,NULL,NULL);
INSERT INTO admin_permissions VALUES(110,'plugin::upload.assets.download',NULL,'{}','[]',1648746843544,1648746843544,NULL,NULL);
INSERT INTO admin_permissions VALUES(111,'plugin::upload.assets.copy-link',NULL,'{}','[]',1648746843585,1648746843585,NULL,NULL);
INSERT INTO admin_permissions VALUES(112,'plugin::content-manager.explorer.create','plugin::users-permissions.user','{"fields":["username","email","provider","password","resetPasswordToken","confirmationToken","confirmed","blocked","role"]}','[]',1648746843668,1648746843668,NULL,NULL);
INSERT INTO admin_permissions VALUES(113,'plugin::content-manager.explorer.create','api::advertisement-position.advertisement-position','{"fields":["position"]}','[]',1648746843706,1648746843706,NULL,NULL);
INSERT INTO admin_permissions VALUES(114,'plugin::content-manager.explorer.create','api::cms-advertisement.cms-advertisement','{"fields":["title","images","description","restaurants"]}','[]',1648746843740,1648746843740,NULL,NULL);
INSERT INTO admin_permissions VALUES(115,'plugin::content-manager.explorer.create','api::hello-table.hello-table','{"fields":["title"]}','[]',1648746843768,1648746843768,NULL,NULL);
INSERT INTO admin_permissions VALUES(116,'plugin::content-manager.explorer.create','api::meny-service-class.meny-service-class','{"fields":["name","restaurants"]}','[]',1648746843810,1648746843810,NULL,NULL);
INSERT INTO admin_permissions VALUES(122,'plugin::content-manager.explorer.create','api::restaurant-open-status.restaurant-open-status','{"fields":["status"]}','[]',1648746844019,1648746844019,NULL,NULL);
INSERT INTO admin_permissions VALUES(123,'plugin::content-manager.explorer.create','api::restaurant-order.restaurant-order','{"fields":["state"]}','[]',1648746844056,1648746844056,NULL,NULL);
INSERT INTO admin_permissions VALUES(125,'plugin::content-manager.explorer.read','plugin::users-permissions.user','{"fields":["username","email","provider","password","resetPasswordToken","confirmationToken","confirmed","blocked","role"]}','[]',1648746844119,1648746844119,NULL,NULL);
INSERT INTO admin_permissions VALUES(126,'plugin::content-manager.explorer.read','api::advertisement-position.advertisement-position','{"fields":["position"]}','[]',1648746844160,1648746844160,NULL,NULL);
INSERT INTO admin_permissions VALUES(127,'plugin::content-manager.explorer.read','api::cms-advertisement.cms-advertisement','{"fields":["title","images","description","restaurants"]}','[]',1648746844191,1648746844191,NULL,NULL);
INSERT INTO admin_permissions VALUES(128,'plugin::content-manager.explorer.read','api::hello-table.hello-table','{"fields":["title"]}','[]',1648746844221,1648746844221,NULL,NULL);
INSERT INTO admin_permissions VALUES(129,'plugin::content-manager.explorer.read','api::meny-service-class.meny-service-class','{"fields":["name","restaurants"]}','[]',1648746844261,1648746844261,NULL,NULL);
INSERT INTO admin_permissions VALUES(135,'plugin::content-manager.explorer.read','api::restaurant-open-status.restaurant-open-status','{"fields":["status"]}','[]',1648746844455,1648746844455,NULL,NULL);
INSERT INTO admin_permissions VALUES(136,'plugin::content-manager.explorer.read','api::restaurant-order.restaurant-order','{"fields":["state"]}','[]',1648746844486,1648746844486,NULL,NULL);
INSERT INTO admin_permissions VALUES(138,'plugin::content-manager.explorer.update','plugin::users-permissions.user','{"fields":["username","email","provider","password","resetPasswordToken","confirmationToken","confirmed","blocked","role"]}','[]',1648746844555,1648746844555,NULL,NULL);
INSERT INTO admin_permissions VALUES(139,'plugin::content-manager.explorer.update','api::advertisement-position.advertisement-position','{"fields":["position"]}','[]',1648746844592,1648746844592,NULL,NULL);
INSERT INTO admin_permissions VALUES(140,'plugin::content-manager.explorer.update','api::cms-advertisement.cms-advertisement','{"fields":["title","images","description","restaurants"]}','[]',1648746844628,1648746844628,NULL,NULL);
INSERT INTO admin_permissions VALUES(141,'plugin::content-manager.explorer.update','api::hello-table.hello-table','{"fields":["title"]}','[]',1648746844655,1648746844655,NULL,NULL);
INSERT INTO admin_permissions VALUES(142,'plugin::content-manager.explorer.update','api::meny-service-class.meny-service-class','{"fields":["name","restaurants"]}','[]',1648746844695,1648746844695,NULL,NULL);
INSERT INTO admin_permissions VALUES(148,'plugin::content-manager.explorer.update','api::restaurant-open-status.restaurant-open-status','{"fields":["status"]}','[]',1648746844896,1648746844896,NULL,NULL);
INSERT INTO admin_permissions VALUES(149,'plugin::content-manager.explorer.update','api::restaurant-order.restaurant-order','{"fields":["state"]}','[]',1648746844921,1648746844921,NULL,NULL);
INSERT INTO admin_permissions VALUES(151,'plugin::content-manager.explorer.delete','plugin::users-permissions.user','{}','[]',1648746844992,1648746844992,NULL,NULL);
INSERT INTO admin_permissions VALUES(152,'plugin::content-manager.explorer.delete','api::advertisement-position.advertisement-position','{}','[]',1648746845022,1648746845022,NULL,NULL);
INSERT INTO admin_permissions VALUES(153,'plugin::content-manager.explorer.delete','api::cms-advertisement.cms-advertisement','{}','[]',1648746845064,1648746845064,NULL,NULL);
INSERT INTO admin_permissions VALUES(154,'plugin::content-manager.explorer.delete','api::hello-table.hello-table','{}','[]',1648746845093,1648746845093,NULL,NULL);
INSERT INTO admin_permissions VALUES(155,'plugin::content-manager.explorer.delete','api::meny-service-class.meny-service-class','{}','[]',1648746845129,1648746845129,NULL,NULL);
INSERT INTO admin_permissions VALUES(156,'plugin::content-manager.explorer.delete','api::restaurant.restaurant','{}','[]',1648746845164,1648746845164,NULL,NULL);
INSERT INTO admin_permissions VALUES(157,'plugin::content-manager.explorer.delete','api::restaurant-food.restaurant-food','{}','[]',1648746845189,1648746845189,NULL,NULL);
INSERT INTO admin_permissions VALUES(158,'plugin::content-manager.explorer.delete','api::restaurant-food-category.restaurant-food-category','{}','[]',1648746845229,1648746845229,NULL,NULL);
INSERT INTO admin_permissions VALUES(159,'plugin::content-manager.explorer.delete','api::restaurant-food-tag.restaurant-food-tag','{}','[]',1648746845260,1648746845260,NULL,NULL);
INSERT INTO admin_permissions VALUES(160,'plugin::content-manager.explorer.delete','api::restaurant-menu.restaurant-menu','{}','[]',1648746845293,1648746845293,NULL,NULL);
INSERT INTO admin_permissions VALUES(161,'plugin::content-manager.explorer.delete','api::restaurant-open-status.restaurant-open-status','{}','[]',1648746845330,1648746845330,NULL,NULL);
INSERT INTO admin_permissions VALUES(162,'plugin::content-manager.explorer.delete','api::restaurant-order.restaurant-order','{}','[]',1648746845360,1648746845360,NULL,NULL);
INSERT INTO admin_permissions VALUES(163,'plugin::content-manager.explorer.delete','api::restaurant-user.restaurant-user','{}','[]',1648746845400,1648746845400,NULL,NULL);
INSERT INTO admin_permissions VALUES(164,'plugin::content-manager.explorer.publish','api::hello-table.hello-table','{}','[]',1648746845430,1648746845430,NULL,NULL);
INSERT INTO admin_permissions VALUES(165,'plugin::content-manager.explorer.publish','api::restaurant-food.restaurant-food','{}','[]',1648746845461,1648746845461,NULL,NULL);
INSERT INTO admin_permissions VALUES(166,'plugin::content-manager.explorer.publish','api::restaurant-food-category.restaurant-food-category','{}','[]',1648746845501,1648746845501,NULL,NULL);
INSERT INTO admin_permissions VALUES(167,'plugin::content-manager.explorer.publish','api::restaurant-food-tag.restaurant-food-tag','{}','[]',1648746845529,1648746845529,NULL,NULL);
INSERT INTO admin_permissions VALUES(168,'plugin::content-manager.explorer.publish','api::restaurant-order.restaurant-order','{}','[]',1648746845565,1648746845565,NULL,NULL);
INSERT INTO admin_permissions VALUES(169,'plugin::content-manager.single-types.configure-view',NULL,'{}','[]',1648746845601,1648746845601,NULL,NULL);
INSERT INTO admin_permissions VALUES(170,'plugin::content-manager.collection-types.configure-view',NULL,'{}','[]',1648746845627,1648746845627,NULL,NULL);
INSERT INTO admin_permissions VALUES(171,'plugin::content-manager.components.configure-layout',NULL,'{}','[]',1648746845667,1648746845667,NULL,NULL);
INSERT INTO admin_permissions VALUES(172,'plugin::content-type-builder.read',NULL,'{}','[]',1648746845697,1648746845697,NULL,NULL);
INSERT INTO admin_permissions VALUES(173,'plugin::email.settings.read',NULL,'{}','[]',1648746845725,1648746845725,NULL,NULL);
INSERT INTO admin_permissions VALUES(174,'plugin::upload.read',NULL,'{}','[]',1648746845767,1648746845767,NULL,NULL);
INSERT INTO admin_permissions VALUES(175,'plugin::upload.assets.create',NULL,'{}','[]',1648746845794,1648746845794,NULL,NULL);
INSERT INTO admin_permissions VALUES(176,'plugin::upload.assets.update',NULL,'{}','[]',1648746845829,1648746845829,NULL,NULL);
INSERT INTO admin_permissions VALUES(177,'plugin::upload.assets.download',NULL,'{}','[]',1648746845865,1648746845865,NULL,NULL);
INSERT INTO admin_permissions VALUES(178,'plugin::upload.assets.copy-link',NULL,'{}','[]',1648746845892,1648746845892,NULL,NULL);
INSERT INTO admin_permissions VALUES(179,'plugin::upload.settings.read',NULL,'{}','[]',1648746845933,1648746845933,NULL,NULL);
INSERT INTO admin_permissions VALUES(180,'plugin::i18n.locale.create',NULL,'{}','[]',1648746845964,1648746845964,NULL,NULL);
INSERT INTO admin_permissions VALUES(181,'plugin::i18n.locale.read',NULL,'{}','[]',1648746845995,1648746845995,NULL,NULL);
INSERT INTO admin_permissions VALUES(182,'plugin::i18n.locale.update',NULL,'{}','[]',1648746846035,1648746846035,NULL,NULL);
INSERT INTO admin_permissions VALUES(183,'plugin::i18n.locale.delete',NULL,'{}','[]',1648746846062,1648746846062,NULL,NULL);
INSERT INTO admin_permissions VALUES(184,'plugin::users-permissions.roles.create',NULL,'{}','[]',1648746846097,1648746846097,NULL,NULL);
INSERT INTO admin_permissions VALUES(185,'plugin::users-permissions.roles.read',NULL,'{}','[]',1648746846133,1648746846133,NULL,NULL);
INSERT INTO admin_permissions VALUES(186,'plugin::users-permissions.roles.update',NULL,'{}','[]',1648746846159,1648746846159,NULL,NULL);
INSERT INTO admin_permissions VALUES(187,'plugin::users-permissions.roles.delete',NULL,'{}','[]',1648746846200,1648746846200,NULL,NULL);
INSERT INTO admin_permissions VALUES(188,'plugin::users-permissions.providers.read',NULL,'{}','[]',1648746846230,1648746846230,NULL,NULL);
INSERT INTO admin_permissions VALUES(189,'plugin::users-permissions.providers.update',NULL,'{}','[]',1648746846260,1648746846260,NULL,NULL);
INSERT INTO admin_permissions VALUES(190,'plugin::users-permissions.email-templates.read',NULL,'{}','[]',1648746846300,1648746846300,NULL,NULL);
INSERT INTO admin_permissions VALUES(191,'plugin::users-permissions.email-templates.update',NULL,'{}','[]',1648746846327,1648746846327,NULL,NULL);
INSERT INTO admin_permissions VALUES(192,'plugin::users-permissions.advanced-settings.read',NULL,'{}','[]',1648746846362,1648746846362,NULL,NULL);
INSERT INTO admin_permissions VALUES(193,'plugin::users-permissions.advanced-settings.update',NULL,'{}','[]',1648746846397,1648746846397,NULL,NULL);
INSERT INTO admin_permissions VALUES(194,'plugin::config-sync.settings.read',NULL,'{}','[]',1648746846423,1648746846423,NULL,NULL);
INSERT INTO admin_permissions VALUES(195,'plugin::config-sync.menu-link',NULL,'{}','[]',1648746846462,1648746846462,NULL,NULL);
INSERT INTO admin_permissions VALUES(196,'admin::marketplace.read',NULL,'{}','[]',1648746846494,1648746846494,NULL,NULL);
INSERT INTO admin_permissions VALUES(197,'admin::marketplace.plugins.install',NULL,'{}','[]',1648746846523,1648746846523,NULL,NULL);
INSERT INTO admin_permissions VALUES(198,'admin::marketplace.plugins.uninstall',NULL,'{}','[]',1648746846564,1648746846564,NULL,NULL);
INSERT INTO admin_permissions VALUES(199,'admin::webhooks.create',NULL,'{}','[]',1648746846591,1648746846591,NULL,NULL);
INSERT INTO admin_permissions VALUES(200,'admin::webhooks.read',NULL,'{}','[]',1648746846627,1648746846627,NULL,NULL);
INSERT INTO admin_permissions VALUES(201,'admin::webhooks.update',NULL,'{}','[]',1648746846662,1648746846662,NULL,NULL);
INSERT INTO admin_permissions VALUES(202,'admin::webhooks.delete',NULL,'{}','[]',1648746846690,1648746846690,NULL,NULL);
INSERT INTO admin_permissions VALUES(203,'admin::users.create',NULL,'{}','[]',1648746846731,1648746846731,NULL,NULL);
INSERT INTO admin_permissions VALUES(204,'admin::users.read',NULL,'{}','[]',1648746846760,1648746846760,NULL,NULL);
INSERT INTO admin_permissions VALUES(205,'admin::users.update',NULL,'{}','[]',1648746846789,1648746846789,NULL,NULL);
INSERT INTO admin_permissions VALUES(206,'admin::users.delete',NULL,'{}','[]',1648746846830,1648746846830,NULL,NULL);
INSERT INTO admin_permissions VALUES(207,'admin::roles.create',NULL,'{}','[]',1648746846857,1648746846857,NULL,NULL);
INSERT INTO admin_permissions VALUES(208,'admin::roles.read',NULL,'{}','[]',1648746846894,1648746846894,NULL,NULL);
INSERT INTO admin_permissions VALUES(209,'admin::roles.update',NULL,'{}','[]',1648746846930,1648746846930,NULL,NULL);
INSERT INTO admin_permissions VALUES(210,'admin::roles.delete',NULL,'{}','[]',1648746846959,1648746846959,NULL,NULL);
INSERT INTO admin_permissions VALUES(211,'admin::api-tokens.create',NULL,'{}','[]',1648746847000,1648746847000,NULL,NULL);
INSERT INTO admin_permissions VALUES(212,'admin::api-tokens.read',NULL,'{}','[]',1648746847031,1648746847031,NULL,NULL);
INSERT INTO admin_permissions VALUES(213,'admin::api-tokens.update',NULL,'{}','[]',1648746847059,1648746847059,NULL,NULL);
INSERT INTO admin_permissions VALUES(214,'admin::api-tokens.delete',NULL,'{}','[]',1648746847097,1648746847097,NULL,NULL);
INSERT INTO admin_permissions VALUES(221,'plugin::content-manager.explorer.create','api::restaurant-food.restaurant-food','{"fields":["name","description","price","images","available","restaurant_food_categories","restaurant_food_tags"]}','[]',1648747654232,1648747654232,NULL,NULL);
INSERT INTO admin_permissions VALUES(222,'plugin::content-manager.explorer.create','api::restaurant-food-tag.restaurant-food-tag','{"fields":["name","description","restaurant_foods"]}','[]',1648747654274,1648747654274,NULL,NULL);
INSERT INTO admin_permissions VALUES(223,'plugin::content-manager.explorer.read','api::restaurant-food.restaurant-food','{"fields":["name","description","price","images","available","restaurant_food_categories","restaurant_food_tags"]}','[]',1648747654303,1648747654303,NULL,NULL);
INSERT INTO admin_permissions VALUES(224,'plugin::content-manager.explorer.read','api::restaurant-food-tag.restaurant-food-tag','{"fields":["name","description","restaurant_foods"]}','[]',1648747654339,1648747654339,NULL,NULL);
INSERT INTO admin_permissions VALUES(225,'plugin::content-manager.explorer.update','api::restaurant-food.restaurant-food','{"fields":["name","description","price","images","available","restaurant_food_categories","restaurant_food_tags"]}','[]',1648747654376,1648747654376,NULL,NULL);
INSERT INTO admin_permissions VALUES(226,'plugin::content-manager.explorer.update','api::restaurant-food-tag.restaurant-food-tag','{"fields":["name","description","restaurant_foods"]}','[]',1648747654405,1648747654405,NULL,NULL);
INSERT INTO admin_permissions VALUES(233,'plugin::content-manager.explorer.create','api::restaurant.restaurant','{"fields":["name","restaurant_avatars","blocked","advertisementConfigDisabled","meny_service_class","restaurant_users","cms_advertisements","restaurant_menu","address","confirmed","resetPasswordToken","confirmationToken","json","remarks"]}','[]',1648748163027,1648748163027,NULL,NULL);
INSERT INTO admin_permissions VALUES(234,'plugin::content-manager.explorer.read','api::restaurant.restaurant','{"fields":["name","restaurant_avatars","blocked","advertisementConfigDisabled","meny_service_class","restaurant_users","cms_advertisements","restaurant_menu","address","confirmed","resetPasswordToken","confirmationToken","json","remarks"]}','[]',1648748163054,1648748163054,NULL,NULL);
INSERT INTO admin_permissions VALUES(235,'plugin::content-manager.explorer.update','api::restaurant.restaurant','{"fields":["name","restaurant_avatars","blocked","advertisementConfigDisabled","meny_service_class","restaurant_users","cms_advertisements","restaurant_menu","address","confirmed","resetPasswordToken","confirmationToken","json","remarks"]}','[]',1648748163095,1648748163095,NULL,NULL);
INSERT INTO admin_permissions VALUES(242,'plugin::content-manager.explorer.create','api::restaurant-user.restaurant-user','{"fields":["login","password","restaurant","confirmed","blocked","json"]}','[]',1648748686258,1648748686258,NULL,NULL);
INSERT INTO admin_permissions VALUES(243,'plugin::content-manager.explorer.read','api::restaurant-user.restaurant-user','{"fields":["login","password","restaurant","confirmed","blocked","json"]}','[]',1648748686300,1648748686300,NULL,NULL);
INSERT INTO admin_permissions VALUES(244,'plugin::content-manager.explorer.update','api::restaurant-user.restaurant-user','{"fields":["login","password","restaurant","confirmed","blocked","json"]}','[]',1648748686333,1648748686333,NULL,NULL);
INSERT INTO admin_permissions VALUES(245,'plugin::content-manager.explorer.create','api::restaurant-menu.restaurant-menu','{"fields":["name","description","disabled","restaurant_food_categories","position"]}','[]',1648749494756,1648749494756,NULL,NULL);
INSERT INTO admin_permissions VALUES(246,'plugin::content-manager.explorer.read','api::restaurant-menu.restaurant-menu','{"fields":["name","description","disabled","restaurant_food_categories","position"]}','[]',1648749494793,1648749494793,NULL,NULL);
INSERT INTO admin_permissions VALUES(247,'plugin::content-manager.explorer.update','api::restaurant-menu.restaurant-menu','{"fields":["name","description","disabled","restaurant_food_categories","position"]}','[]',1648749494830,1648749494830,NULL,NULL);
INSERT INTO admin_permissions VALUES(248,'plugin::content-manager.explorer.create','api::restaurant-food-category.restaurant-food-category','{"fields":["name","description","restaurant_foods","restaurant_menus","position"]}','[]',1648749544060,1648749544060,NULL,NULL);
INSERT INTO admin_permissions VALUES(249,'plugin::content-manager.explorer.read','api::restaurant-food-category.restaurant-food-category','{"fields":["name","description","restaurant_foods","restaurant_menus","position"]}','[]',1648749544091,1648749544091,NULL,NULL);
INSERT INTO admin_permissions VALUES(250,'plugin::content-manager.explorer.update','api::restaurant-food-category.restaurant-food-category','{"fields":["name","description","restaurant_foods","restaurant_menus","position"]}','[]',1648749544131,1648749544131,NULL,NULL);
CREATE TABLE IF NOT EXISTS "admin_users" (`id` integer PRIMARY KEY AUTOINCREMENT NOT NULL, `firstname` varchar(255) NULL, `lastname` varchar(255) NULL, `username` varchar(255) NULL, `email` varchar(255) NULL, `password` varchar(255) NULL, `reset_password_token` varchar(255) NULL, `registration_token` varchar(255) NULL, `is_active` boolean NULL, `blocked` boolean NULL, `prefered_language` varchar(255) NULL, `created_at` datetime NULL, `updated_at` datetime NULL, `created_by_id` integer NULL, `updated_by_id` integer NULL, CONSTRAINT `admin_users_created_by_id_fk` FOREIGN KEY (`created_by_id`) REFERENCES `admin_users` (`id`) ON DELETE SET NULL, CONSTRAINT `admin_users_updated_by_id_fk` FOREIGN KEY (`updated_by_id`) REFERENCES `admin_users` (`id`) ON DELETE SET NULL, CONSTRAINT `admin_users_created_by_id_fk` FOREIGN KEY (`created_by_id`) REFERENCES `admin_users` (`id`) ON DELETE SET NULL, CONSTRAINT `admin_users_updated_by_id_fk` FOREIGN KEY (`updated_by_id`) REFERENCES `admin_users` (`id`) ON DELETE SET NULL);
INSERT INTO admin_users VALUES(1,'hello','world',NULL,'helloworld@gmail.com','$2a$10$JXGMsc9vUw4UVtyHBKkYgu9CPA3Ln/0PT6BciIq6JhHO3RN43qOnS',NULL,NULL,1,0,NULL,1648746865885,1648746865885,NULL,NULL);
CREATE TABLE IF NOT EXISTS "admin_roles" (`id` integer PRIMARY KEY AUTOINCREMENT NOT NULL, `name` varchar(255) NULL, `code` varchar(255) NULL, `description` varchar(255) NULL, `created_at` datetime NULL, `updated_at` datetime NULL, `created_by_id` integer NULL, `updated_by_id` integer NULL, CONSTRAINT `admin_roles_created_by_id_fk` FOREIGN KEY (`created_by_id`) REFERENCES `admin_users` (`id`) ON DELETE SET NULL, CONSTRAINT `admin_roles_updated_by_id_fk` FOREIGN KEY (`updated_by_id`) REFERENCES `admin_users` (`id`) ON DELETE SET NULL, CONSTRAINT `admin_roles_created_by_id_fk` FOREIGN KEY (`created_by_id`) REFERENCES `admin_users` (`id`) ON DELETE SET NULL, CONSTRAINT `admin_roles_updated_by_id_fk` FOREIGN KEY (`updated_by_id`) REFERENCES `admin_users` (`id`) ON DELETE SET NULL);
INSERT INTO admin_roles VALUES(1,'Super Admin','strapi-super-admin','Super Admins can access and manage all features and settings.',1648746839764,1648746839764,NULL,NULL);
INSERT INTO admin_roles VALUES(2,'Editor','strapi-editor','Editors can manage and publish contents including those of other users.',1648746839790,1648746872813,NULL,NULL);
INSERT INTO admin_roles VALUES(3,'Author','strapi-author','Authors can manage the content they have created.',1648746839810,1648746873749,NULL,NULL);
CREATE TABLE IF NOT EXISTS "strapi_api_tokens" (`id` integer PRIMARY KEY AUTOINCREMENT NOT NULL, `name` varchar(255) NULL, `description` varchar(255) NULL, `type` varchar(255) NULL, `access_key` varchar(255) NULL, `created_at` datetime NULL, `updated_at` datetime NULL, `created_by_id` integer NULL, `updated_by_id` integer NULL, CONSTRAINT `strapi_api_tokens_created_by_id_fk` FOREIGN KEY (`created_by_id`) REFERENCES `admin_users` (`id`) ON DELETE SET NULL, CONSTRAINT `strapi_api_tokens_updated_by_id_fk` FOREIGN KEY (`updated_by_id`) REFERENCES `admin_users` (`id`) ON DELETE SET NULL, CONSTRAINT `strapi_api_tokens_created_by_id_fk` FOREIGN KEY (`created_by_id`) REFERENCES `admin_users` (`id`) ON DELETE SET NULL, CONSTRAINT `strapi_api_tokens_updated_by_id_fk` FOREIGN KEY (`updated_by_id`) REFERENCES `admin_users` (`id`) ON DELETE SET NULL);
CREATE TABLE IF NOT EXISTS "files" (`id` integer PRIMARY KEY AUTOINCREMENT NOT NULL, `name` varchar(255) NULL, `alternative_text` varchar(255) NULL, `caption` varchar(255) NULL, `width` integer NULL, `height` integer NULL, `formats` json NULL, `hash` varchar(255) NULL, `ext` varchar(255) NULL, `mime` varchar(255) NULL, `size` float NULL, `url` varchar(255) NULL, `preview_url` varchar(255) NULL, `provider` varchar(255) NULL, `provider_metadata` json NULL, `created_at` datetime NULL, `updated_at` datetime NULL, `created_by_id` integer NULL, `updated_by_id` integer NULL, CONSTRAINT `files_created_by_id_fk` FOREIGN KEY (`created_by_id`) REFERENCES `admin_users` (`id`) ON DELETE SET NULL, CONSTRAINT `files_updated_by_id_fk` FOREIGN KEY (`updated_by_id`) REFERENCES `admin_users` (`id`) ON DELETE SET NULL, CONSTRAINT `files_created_by_id_fk` FOREIGN KEY (`created_by_id`) REFERENCES `admin_users` (`id`) ON DELETE SET NULL, CONSTRAINT `files_updated_by_id_fk` FOREIGN KEY (`updated_by_id`) REFERENCES `admin_users` (`id`) ON DELETE SET NULL);
INSERT INTO files VALUES(1,'attachment_110226747.png','attachment_110226747.png','attachment_110226747.png',590,590,'{"thumbnail":{"name":"thumbnail_attachment_110226747.png","hash":"thumbnail_attachment_110226747_39cb55df50","ext":".png","mime":"image/png","path":null,"width":156,"height":156,"size":6.15,"url":"/uploads/thumbnail_attachment_110226747_39cb55df50.png"},"small":{"name":"small_attachment_110226747.png","hash":"small_attachment_110226747_39cb55df50","ext":".png","mime":"image/png","path":null,"width":500,"height":500,"size":32.32,"url":"/uploads/small_attachment_110226747_39cb55df50.png"}}','attachment_110226747_39cb55df50','.png','image/png',9.7400000000000002131,'/uploads/attachment_110226747_39cb55df50.png',NULL,'local',NULL,1648748561100,1648748561100,1,1);
INSERT INTO files VALUES(2,'restaurant-logo-design-vector-template-restaurant-logo-design-vector-template-simple-173924987.jpg','restaurant-logo-design-vector-template-restaurant-logo-design-vector-template-simple-173924987.jpg','restaurant-logo-design-vector-template-restaurant-logo-design-vector-template-simple-173924987.jpg',1600,1689,'{"thumbnail":{"name":"thumbnail_restaurant-logo-design-vector-template-restaurant-logo-design-vector-template-simple-173924987.jpg","hash":"thumbnail_restaurant_logo_design_vector_template_restaurant_logo_design_vector_template_simple_173924987_9a472f8569","ext":".jpg","mime":"image/jpeg","path":null,"width":148,"height":156,"size":4.71,"url":"/uploads/thumbnail_restaurant_logo_design_vector_template_restaurant_logo_design_vector_template_simple_173924987_9a472f8569.jpg"},"large":{"name":"large_restaurant-logo-design-vector-template-restaurant-logo-design-vector-template-simple-173924987.jpg","hash":"large_restaurant_logo_design_vector_template_restaurant_logo_design_vector_template_simple_173924987_9a472f8569","ext":".jpg","mime":"image/jpeg","path":null,"width":947,"height":1000,"size":64.88,"url":"/uploads/large_restaurant_logo_design_vector_template_restaurant_logo_design_vector_template_simple_173924987_9a472f8569.jpg"},"medium":{"name":"medium_restaurant-logo-design-vector-template-restaurant-logo-design-vector-template-simple-173924987.jpg","hash":"medium_restaurant_logo_design_vector_template_restaurant_logo_design_vector_template_simple_173924987_9a472f8569","ext":".jpg","mime":"image/jpeg","path":null,"width":710,"height":750,"size":43.56,"url":"/uploads/medium_restaurant_logo_design_vector_template_restaurant_logo_design_vector_template_simple_173924987_9a472f8569.jpg"},"small":{"name":"small_restaurant-logo-design-vector-template-restaurant-logo-design-vector-template-simple-173924987.jpg","hash":"small_restaurant_logo_design_vector_template_restaurant_logo_design_vector_template_simple_173924987_9a472f8569","ext":".jpg","mime":"image/jpeg","path":null,"width":474,"height":500,"size":24.11,"url":"/uploads/small_restaurant_logo_design_vector_template_restaurant_logo_design_vector_template_simple_173924987_9a472f8569.jpg"}}','restaurant_logo_design_vector_template_restaurant_logo_design_vector_template_simple_173924987_9a472f8569','.jpg','image/jpeg',99.829999999999998296,'/uploads/restaurant_logo_design_vector_template_restaurant_logo_design_vector_template_simple_173924987_9a472f8569.jpg',NULL,'local',NULL,1648748773187,1648748773187,1,1);
CREATE TABLE IF NOT EXISTS "i18n_locale" (`id` integer PRIMARY KEY AUTOINCREMENT NOT NULL, `name` varchar(255) NULL, `code` varchar(255) NULL, `created_at` datetime NULL, `updated_at` datetime NULL, `created_by_id` integer NULL, `updated_by_id` integer NULL, CONSTRAINT `i18n_locale_created_by_id_fk` FOREIGN KEY (`created_by_id`) REFERENCES `admin_users` (`id`) ON DELETE SET NULL, CONSTRAINT `i18n_locale_updated_by_id_fk` FOREIGN KEY (`updated_by_id`) REFERENCES `admin_users` (`id`) ON DELETE SET NULL, CONSTRAINT `i18n_locale_created_by_id_fk` FOREIGN KEY (`created_by_id`) REFERENCES `admin_users` (`id`) ON DELETE SET NULL, CONSTRAINT `i18n_locale_updated_by_id_fk` FOREIGN KEY (`updated_by_id`) REFERENCES `admin_users` (`id`) ON DELETE SET NULL);
INSERT INTO i18n_locale VALUES(1,'English (en)','en',1648746839231,1648746839231,NULL,NULL);
CREATE TABLE IF NOT EXISTS "up_permissions" (`id` integer PRIMARY KEY AUTOINCREMENT NOT NULL, `action` varchar(255) NULL, `created_at` datetime NULL, `updated_at` datetime NULL, `created_by_id` integer NULL, `updated_by_id` integer NULL, CONSTRAINT `up_permissions_created_by_id_fk` FOREIGN KEY (`created_by_id`) REFERENCES `admin_users` (`id`) ON DELETE SET NULL, CONSTRAINT `up_permissions_updated_by_id_fk` FOREIGN KEY (`updated_by_id`) REFERENCES `admin_users` (`id`) ON DELETE SET NULL, CONSTRAINT `up_permissions_created_by_id_fk` FOREIGN KEY (`created_by_id`) REFERENCES `admin_users` (`id`) ON DELETE SET NULL, CONSTRAINT `up_permissions_updated_by_id_fk` FOREIGN KEY (`updated_by_id`) REFERENCES `admin_users` (`id`) ON DELETE SET NULL);
INSERT INTO up_permissions VALUES(1,'plugin::users-permissions.auth.connect',1648746839383,1648746839383,NULL,NULL);
INSERT INTO up_permissions VALUES(2,'plugin::users-permissions.user.me',1648746839383,1648746839383,NULL,NULL);
INSERT INTO up_permissions VALUES(5,'plugin::users-permissions.auth.callback',1648746839454,1648746839454,NULL,NULL);
INSERT INTO up_permissions VALUES(6,'plugin::users-permissions.auth.connect',1648746839454,1648746839454,NULL,NULL);
INSERT INTO up_permissions VALUES(9,'plugin::users-permissions.auth.register',1648746839454,1648746839454,NULL,NULL);
INSERT INTO up_permissions VALUES(11,'plugin::users-permissions.user.me',1648746839454,1648746839454,NULL,NULL);
CREATE TABLE IF NOT EXISTS "up_roles" (`id` integer PRIMARY KEY AUTOINCREMENT NOT NULL, `name` varchar(255) NULL, `description` varchar(255) NULL, `type` varchar(255) NULL, `created_at` datetime NULL, `updated_at` datetime NULL, `created_by_id` integer NULL, `updated_by_id` integer NULL, CONSTRAINT `up_roles_created_by_id_fk` FOREIGN KEY (`created_by_id`) REFERENCES `admin_users` (`id`) ON DELETE SET NULL, CONSTRAINT `up_roles_updated_by_id_fk` FOREIGN KEY (`updated_by_id`) REFERENCES `admin_users` (`id`) ON DELETE SET NULL, CONSTRAINT `up_roles_created_by_id_fk` FOREIGN KEY (`created_by_id`) REFERENCES `admin_users` (`id`) ON DELETE SET NULL, CONSTRAINT `up_roles_updated_by_id_fk` FOREIGN KEY (`updated_by_id`) REFERENCES `admin_users` (`id`) ON DELETE SET NULL);
INSERT INTO up_roles VALUES(1,'Authenticated','Default role given to authenticated user.','authenticated',1648746839351,1648746839351,NULL,NULL);
INSERT INTO up_roles VALUES(2,'Public','Default role given to unauthenticated user.','public',1648746839364,1648746874596,NULL,NULL);
CREATE TABLE IF NOT EXISTS "up_users" (`id` integer PRIMARY KEY AUTOINCREMENT NOT NULL, `username` varchar(255) NULL, `email` varchar(255) NULL, `provider` varchar(255) NULL, `password` varchar(255) NULL, `reset_password_token` varchar(255) NULL, `confirmation_token` varchar(255) NULL, `confirmed` boolean NULL, `blocked` boolean NULL, `created_at` datetime NULL, `updated_at` datetime NULL, `created_by_id` integer NULL, `updated_by_id` integer NULL, CONSTRAINT `up_users_created_by_id_fk` FOREIGN KEY (`created_by_id`) REFERENCES `admin_users` (`id`) ON DELETE SET NULL, CONSTRAINT `up_users_updated_by_id_fk` FOREIGN KEY (`updated_by_id`) REFERENCES `admin_users` (`id`) ON DELETE SET NULL, CONSTRAINT `up_users_created_by_id_fk` FOREIGN KEY (`created_by_id`) REFERENCES `admin_users` (`id`) ON DELETE SET NULL, CONSTRAINT `up_users_updated_by_id_fk` FOREIGN KEY (`updated_by_id`) REFERENCES `admin_users` (`id`) ON DELETE SET NULL);
CREATE TABLE IF NOT EXISTS "advertisement_positions" (`id` integer PRIMARY KEY AUTOINCREMENT NOT NULL, `position` varchar(255) NULL, `created_at` datetime NULL, `updated_at` datetime NULL, `created_by_id` integer NULL, `updated_by_id` integer NULL, CONSTRAINT `advertisement_positions_created_by_id_fk` FOREIGN KEY (`created_by_id`) REFERENCES `admin_users` (`id`) ON DELETE SET NULL, CONSTRAINT `advertisement_positions_updated_by_id_fk` FOREIGN KEY (`updated_by_id`) REFERENCES `admin_users` (`id`) ON DELETE SET NULL, CONSTRAINT `advertisement_positions_created_by_id_fk` FOREIGN KEY (`created_by_id`) REFERENCES `admin_users` (`id`) ON DELETE SET NULL, CONSTRAINT `advertisement_positions_updated_by_id_fk` FOREIGN KEY (`updated_by_id`) REFERENCES `admin_users` (`id`) ON DELETE SET NULL);
CREATE TABLE IF NOT EXISTS "cms_advertisements" (`id` integer PRIMARY KEY AUTOINCREMENT NOT NULL, `title` varchar(255) NULL, `description` text NULL, `created_at` datetime NULL, `updated_at` datetime NULL, `created_by_id` integer NULL, `updated_by_id` integer NULL, CONSTRAINT `cms_advertisements_created_by_id_fk` FOREIGN KEY (`created_by_id`) REFERENCES `admin_users` (`id`) ON DELETE SET NULL, CONSTRAINT `cms_advertisements_updated_by_id_fk` FOREIGN KEY (`updated_by_id`) REFERENCES `admin_users` (`id`) ON DELETE SET NULL, CONSTRAINT `cms_advertisements_created_by_id_fk` FOREIGN KEY (`created_by_id`) REFERENCES `admin_users` (`id`) ON DELETE SET NULL, CONSTRAINT `cms_advertisements_updated_by_id_fk` FOREIGN KEY (`updated_by_id`) REFERENCES `admin_users` (`id`) ON DELETE SET NULL);
CREATE TABLE IF NOT EXISTS "hello_tables" (`id` integer PRIMARY KEY AUTOINCREMENT NOT NULL, `title` text NULL, `created_at` datetime NULL, `updated_at` datetime NULL, `published_at` datetime NULL, `created_by_id` integer NULL, `updated_by_id` integer NULL, CONSTRAINT `hello_tables_created_by_id_fk` FOREIGN KEY (`created_by_id`) REFERENCES `admin_users` (`id`) ON DELETE SET NULL, CONSTRAINT `hello_tables_updated_by_id_fk` FOREIGN KEY (`updated_by_id`) REFERENCES `admin_users` (`id`) ON DELETE SET NULL, CONSTRAINT `hello_tables_created_by_id_fk` FOREIGN KEY (`created_by_id`) REFERENCES `admin_users` (`id`) ON DELETE SET NULL, CONSTRAINT `hello_tables_updated_by_id_fk` FOREIGN KEY (`updated_by_id`) REFERENCES `admin_users` (`id`) ON DELETE SET NULL);
INSERT INTO hello_tables VALUES(1,'helloworld',1648746883809,1648746883809,NULL,1,1);
CREATE TABLE IF NOT EXISTS "meny_service_classes" (`id` integer PRIMARY KEY AUTOINCREMENT NOT NULL, `name` varchar(255) NULL, `created_at` datetime NULL, `updated_at` datetime NULL, `created_by_id` integer NULL, `updated_by_id` integer NULL, CONSTRAINT `meny_service_classes_created_by_id_fk` FOREIGN KEY (`created_by_id`) REFERENCES `admin_users` (`id`) ON DELETE SET NULL, CONSTRAINT `meny_service_classes_updated_by_id_fk` FOREIGN KEY (`updated_by_id`) REFERENCES `admin_users` (`id`) ON DELETE SET NULL, CONSTRAINT `meny_service_classes_created_by_id_fk` FOREIGN KEY (`created_by_id`) REFERENCES `admin_users` (`id`) ON DELETE SET NULL, CONSTRAINT `meny_service_classes_updated_by_id_fk` FOREIGN KEY (`updated_by_id`) REFERENCES `admin_users` (`id`) ON DELETE SET NULL);
INSERT INTO meny_service_classes VALUES(1,'meny',1648748622762,1648748622762,1,1);
INSERT INTO meny_service_classes VALUES(2,'meny_light',1648748631127,1648748631127,1,1);
INSERT INTO meny_service_classes VALUES(3,'meny_take_away',1648748636141,1648748636141,1,1);
CREATE TABLE IF NOT EXISTS "restaurant_foods" (`id` integer PRIMARY KEY AUTOINCREMENT NOT NULL, `name` varchar(255) NULL, `description` text NULL, `price` float NULL, `available` boolean NULL, `created_at` datetime NULL, `updated_at` datetime NULL, `published_at` datetime NULL, `created_by_id` integer NULL, `updated_by_id` integer NULL, CONSTRAINT `restaurant_foods_created_by_id_fk` FOREIGN KEY (`created_by_id`) REFERENCES `admin_users` (`id`) ON DELETE SET NULL, CONSTRAINT `restaurant_foods_updated_by_id_fk` FOREIGN KEY (`updated_by_id`) REFERENCES `admin_users` (`id`) ON DELETE SET NULL, CONSTRAINT `restaurant_foods_created_by_id_fk` FOREIGN KEY (`created_by_id`) REFERENCES `admin_users` (`id`) ON DELETE SET NULL, CONSTRAINT `restaurant_foods_updated_by_id_fk` FOREIGN KEY (`updated_by_id`) REFERENCES `admin_users` (`id`) ON DELETE SET NULL);
INSERT INTO restaurant_foods VALUES(1,'food_1','food_1',100.0,NULL,1648747405512,1648747717093,1648747407056,1,1);
INSERT INTO restaurant_foods VALUES(2,'food_2','food_2',200.0,NULL,1648747416440,1648747784938,1648747417504,1,1);
CREATE TABLE IF NOT EXISTS "restaurant_food_tags" (`id` integer PRIMARY KEY AUTOINCREMENT NOT NULL, `name` varchar(255) NULL, `description` text NULL, `created_at` datetime NULL, `updated_at` datetime NULL, `published_at` datetime NULL, `created_by_id` integer NULL, `updated_by_id` integer NULL, CONSTRAINT `restaurant_food_tags_created_by_id_fk` FOREIGN KEY (`created_by_id`) REFERENCES `admin_users` (`id`) ON DELETE SET NULL, CONSTRAINT `restaurant_food_tags_updated_by_id_fk` FOREIGN KEY (`updated_by_id`) REFERENCES `admin_users` (`id`) ON DELETE SET NULL, CONSTRAINT `restaurant_food_tags_created_by_id_fk` FOREIGN KEY (`created_by_id`) REFERENCES `admin_users` (`id`) ON DELETE SET NULL, CONSTRAINT `restaurant_food_tags_updated_by_id_fk` FOREIGN KEY (`updated_by_id`) REFERENCES `admin_users` (`id`) ON DELETE SET NULL);
INSERT INTO restaurant_food_tags VALUES(1,'tag_1','tag_1tag_1tag_1',1648747433695,1648747434609,1648747434607,1,1);
INSERT INTO restaurant_food_tags VALUES(2,'tags2','tags2',1648747669909,1648747670464,1648747670462,1,1);
INSERT INTO restaurant_food_tags VALUES(3,'tags3','tags3',1648747680209,1648747682575,1648747682574,1,1);
CREATE TABLE IF NOT EXISTS "restaurant_menus" (`id` integer PRIMARY KEY AUTOINCREMENT NOT NULL, `name` varchar(255) NULL, `description` text NULL, `disabled` boolean NULL, `created_at` datetime NULL, `updated_at` datetime NULL, `created_by_id` integer NULL, `updated_by_id` integer NULL, `position` integer null, CONSTRAINT `restaurant_menus_created_by_id_fk` FOREIGN KEY (`created_by_id`) REFERENCES `admin_users` (`id`) ON DELETE SET NULL, CONSTRAINT `restaurant_menus_updated_by_id_fk` FOREIGN KEY (`updated_by_id`) REFERENCES `admin_users` (`id`) ON DELETE SET NULL, CONSTRAINT `restaurant_menus_created_by_id_fk` FOREIGN KEY (`created_by_id`) REFERENCES `admin_users` (`id`) ON DELETE SET NULL, CONSTRAINT `restaurant_menus_updated_by_id_fk` FOREIGN KEY (`updated_by_id`) REFERENCES `admin_users` (`id`) ON DELETE SET NULL);
INSERT INTO restaurant_menus VALUES(1,'client1-restaurant-menu','client1-restaurant-menu-description',NULL,1648747482477,1648749003710,1,1,NULL);
INSERT INTO restaurant_menus VALUES(2,'client2-restaurant-menu','client2-restaurant-menu-description',NULL,1648748956278,1648748956278,1,1,NULL);
CREATE TABLE IF NOT EXISTS "restaurant_open_statuses" (`id` integer PRIMARY KEY AUTOINCREMENT NOT NULL, `status` varchar(255) NULL, `created_at` datetime NULL, `updated_at` datetime NULL, `created_by_id` integer NULL, `updated_by_id` integer NULL, CONSTRAINT `restaurant_open_statuses_created_by_id_fk` FOREIGN KEY (`created_by_id`) REFERENCES `admin_users` (`id`) ON DELETE SET NULL, CONSTRAINT `restaurant_open_statuses_updated_by_id_fk` FOREIGN KEY (`updated_by_id`) REFERENCES `admin_users` (`id`) ON DELETE SET NULL, CONSTRAINT `restaurant_open_statuses_created_by_id_fk` FOREIGN KEY (`created_by_id`) REFERENCES `admin_users` (`id`) ON DELETE SET NULL, CONSTRAINT `restaurant_open_statuses_updated_by_id_fk` FOREIGN KEY (`updated_by_id`) REFERENCES `admin_users` (`id`) ON DELETE SET NULL);
CREATE TABLE IF NOT EXISTS "restaurant_orders" (`id` integer PRIMARY KEY AUTOINCREMENT NOT NULL, `state` varchar(255) NULL, `created_at` datetime NULL, `updated_at` datetime NULL, `published_at` datetime NULL, `created_by_id` integer NULL, `updated_by_id` integer NULL, CONSTRAINT `restaurant_orders_created_by_id_fk` FOREIGN KEY (`created_by_id`) REFERENCES `admin_users` (`id`) ON DELETE SET NULL, CONSTRAINT `restaurant_orders_updated_by_id_fk` FOREIGN KEY (`updated_by_id`) REFERENCES `admin_users` (`id`) ON DELETE SET NULL, CONSTRAINT `restaurant_orders_created_by_id_fk` FOREIGN KEY (`created_by_id`) REFERENCES `admin_users` (`id`) ON DELETE SET NULL, CONSTRAINT `restaurant_orders_updated_by_id_fk` FOREIGN KEY (`updated_by_id`) REFERENCES `admin_users` (`id`) ON DELETE SET NULL);
CREATE TABLE IF NOT EXISTS "admin_permissions_role_links" (`permission_id` integer NULL, `role_id` integer NULL, CONSTRAINT `admin_permissions_role_links_fk` FOREIGN KEY (`permission_id`) REFERENCES `admin_permissions` (`id`) ON DELETE CASCADE, CONSTRAINT `admin_permissions_role_links_inv_fk` FOREIGN KEY (`role_id`) REFERENCES `admin_roles` (`id`) ON DELETE CASCADE, CONSTRAINT `admin_permissions_role_links_fk` FOREIGN KEY (`permission_id`) REFERENCES `admin_permissions` (`id`) ON DELETE CASCADE, CONSTRAINT `admin_permissions_role_links_inv_fk` FOREIGN KEY (`role_id`) REFERENCES `admin_roles` (`id`) ON DELETE CASCADE);
INSERT INTO admin_permissions_role_links VALUES(54,2);
INSERT INTO admin_permissions_role_links VALUES(55,2);
INSERT INTO admin_permissions_role_links VALUES(56,2);
INSERT INTO admin_permissions_role_links VALUES(57,2);
INSERT INTO admin_permissions_role_links VALUES(58,2);
INSERT INTO admin_permissions_role_links VALUES(107,3);
INSERT INTO admin_permissions_role_links VALUES(108,3);
INSERT INTO admin_permissions_role_links VALUES(109,3);
INSERT INTO admin_permissions_role_links VALUES(110,3);
INSERT INTO admin_permissions_role_links VALUES(111,3);
INSERT INTO admin_permissions_role_links VALUES(112,1);
INSERT INTO admin_permissions_role_links VALUES(113,1);
INSERT INTO admin_permissions_role_links VALUES(114,1);
INSERT INTO admin_permissions_role_links VALUES(115,1);
INSERT INTO admin_permissions_role_links VALUES(116,1);
INSERT INTO admin_permissions_role_links VALUES(122,1);
INSERT INTO admin_permissions_role_links VALUES(123,1);
INSERT INTO admin_permissions_role_links VALUES(125,1);
INSERT INTO admin_permissions_role_links VALUES(126,1);
INSERT INTO admin_permissions_role_links VALUES(127,1);
INSERT INTO admin_permissions_role_links VALUES(128,1);
INSERT INTO admin_permissions_role_links VALUES(129,1);
INSERT INTO admin_permissions_role_links VALUES(135,1);
INSERT INTO admin_permissions_role_links VALUES(136,1);
INSERT INTO admin_permissions_role_links VALUES(138,1);
INSERT INTO admin_permissions_role_links VALUES(139,1);
INSERT INTO admin_permissions_role_links VALUES(140,1);
INSERT INTO admin_permissions_role_links VALUES(141,1);
INSERT INTO admin_permissions_role_links VALUES(142,1);
INSERT INTO admin_permissions_role_links VALUES(148,1);
INSERT INTO admin_permissions_role_links VALUES(149,1);
INSERT INTO admin_permissions_role_links VALUES(151,1);
INSERT INTO admin_permissions_role_links VALUES(152,1);
INSERT INTO admin_permissions_role_links VALUES(153,1);
INSERT INTO admin_permissions_role_links VALUES(154,1);
INSERT INTO admin_permissions_role_links VALUES(155,1);
INSERT INTO admin_permissions_role_links VALUES(156,1);
INSERT INTO admin_permissions_role_links VALUES(157,1);
INSERT INTO admin_permissions_role_links VALUES(158,1);
INSERT INTO admin_permissions_role_links VALUES(159,1);
INSERT INTO admin_permissions_role_links VALUES(160,1);
INSERT INTO admin_permissions_role_links VALUES(161,1);
INSERT INTO admin_permissions_role_links VALUES(162,1);
INSERT INTO admin_permissions_role_links VALUES(163,1);
INSERT INTO admin_permissions_role_links VALUES(164,1);
INSERT INTO admin_permissions_role_links VALUES(165,1);
INSERT INTO admin_permissions_role_links VALUES(166,1);
INSERT INTO admin_permissions_role_links VALUES(167,1);
INSERT INTO admin_permissions_role_links VALUES(168,1);
INSERT INTO admin_permissions_role_links VALUES(169,1);
INSERT INTO admin_permissions_role_links VALUES(170,1);
INSERT INTO admin_permissions_role_links VALUES(171,1);
INSERT INTO admin_permissions_role_links VALUES(172,1);
INSERT INTO admin_permissions_role_links VALUES(173,1);
INSERT INTO admin_permissions_role_links VALUES(174,1);
INSERT INTO admin_permissions_role_links VALUES(175,1);
INSERT INTO admin_permissions_role_links VALUES(176,1);
INSERT INTO admin_permissions_role_links VALUES(177,1);
INSERT INTO admin_permissions_role_links VALUES(178,1);
INSERT INTO admin_permissions_role_links VALUES(179,1);
INSERT INTO admin_permissions_role_links VALUES(180,1);
INSERT INTO admin_permissions_role_links VALUES(181,1);
INSERT INTO admin_permissions_role_links VALUES(182,1);
INSERT INTO admin_permissions_role_links VALUES(183,1);
INSERT INTO admin_permissions_role_links VALUES(184,1);
INSERT INTO admin_permissions_role_links VALUES(185,1);
INSERT INTO admin_permissions_role_links VALUES(186,1);
INSERT INTO admin_permissions_role_links VALUES(187,1);
INSERT INTO admin_permissions_role_links VALUES(188,1);
INSERT INTO admin_permissions_role_links VALUES(189,1);
INSERT INTO admin_permissions_role_links VALUES(190,1);
INSERT INTO admin_permissions_role_links VALUES(191,1);
INSERT INTO admin_permissions_role_links VALUES(192,1);
INSERT INTO admin_permissions_role_links VALUES(193,1);
INSERT INTO admin_permissions_role_links VALUES(194,1);
INSERT INTO admin_permissions_role_links VALUES(195,1);
INSERT INTO admin_permissions_role_links VALUES(196,1);
INSERT INTO admin_permissions_role_links VALUES(197,1);
INSERT INTO admin_permissions_role_links VALUES(198,1);
INSERT INTO admin_permissions_role_links VALUES(199,1);
INSERT INTO admin_permissions_role_links VALUES(200,1);
INSERT INTO admin_permissions_role_links VALUES(201,1);
INSERT INTO admin_permissions_role_links VALUES(202,1);
INSERT INTO admin_permissions_role_links VALUES(203,1);
INSERT INTO admin_permissions_role_links VALUES(204,1);
INSERT INTO admin_permissions_role_links VALUES(205,1);
INSERT INTO admin_permissions_role_links VALUES(206,1);
INSERT INTO admin_permissions_role_links VALUES(207,1);
INSERT INTO admin_permissions_role_links VALUES(208,1);
INSERT INTO admin_permissions_role_links VALUES(209,1);
INSERT INTO admin_permissions_role_links VALUES(210,1);
INSERT INTO admin_permissions_role_links VALUES(211,1);
INSERT INTO admin_permissions_role_links VALUES(212,1);
INSERT INTO admin_permissions_role_links VALUES(213,1);
INSERT INTO admin_permissions_role_links VALUES(214,1);
INSERT INTO admin_permissions_role_links VALUES(221,1);
INSERT INTO admin_permissions_role_links VALUES(222,1);
INSERT INTO admin_permissions_role_links VALUES(223,1);
INSERT INTO admin_permissions_role_links VALUES(224,1);
INSERT INTO admin_permissions_role_links VALUES(225,1);
INSERT INTO admin_permissions_role_links VALUES(226,1);
INSERT INTO admin_permissions_role_links VALUES(233,1);
INSERT INTO admin_permissions_role_links VALUES(234,1);
INSERT INTO admin_permissions_role_links VALUES(235,1);
INSERT INTO admin_permissions_role_links VALUES(242,1);
INSERT INTO admin_permissions_role_links VALUES(243,1);
INSERT INTO admin_permissions_role_links VALUES(244,1);
INSERT INTO admin_permissions_role_links VALUES(245,1);
INSERT INTO admin_permissions_role_links VALUES(246,1);
INSERT INTO admin_permissions_role_links VALUES(247,1);
INSERT INTO admin_permissions_role_links VALUES(248,1);
INSERT INTO admin_permissions_role_links VALUES(249,1);
INSERT INTO admin_permissions_role_links VALUES(250,1);
CREATE TABLE IF NOT EXISTS "admin_users_roles_links" (`user_id` integer NULL, `role_id` integer NULL, CONSTRAINT `admin_users_roles_links_fk` FOREIGN KEY (`user_id`) REFERENCES `admin_users` (`id`) ON DELETE CASCADE, CONSTRAINT `admin_users_roles_links_inv_fk` FOREIGN KEY (`role_id`) REFERENCES `admin_roles` (`id`) ON DELETE CASCADE, CONSTRAINT `admin_users_roles_links_fk` FOREIGN KEY (`user_id`) REFERENCES `admin_users` (`id`) ON DELETE CASCADE, CONSTRAINT `admin_users_roles_links_inv_fk` FOREIGN KEY (`role_id`) REFERENCES `admin_roles` (`id`) ON DELETE CASCADE);
INSERT INTO admin_users_roles_links VALUES(1,1);
CREATE TABLE IF NOT EXISTS "files_related_morphs" (`file_id` integer NULL, `related_id` integer NULL, `related_type` varchar(255) NULL, `field` varchar(255) NULL, `order` integer NULL, CONSTRAINT `files_related_morphs_fk` FOREIGN KEY (`file_id`) REFERENCES `files` (`id`) ON DELETE CASCADE, CONSTRAINT `files_related_morphs_fk` FOREIGN KEY (`file_id`) REFERENCES `files` (`id`) ON DELETE CASCADE);
INSERT INTO files_related_morphs VALUES(2,4,'api::restaurant.restaurant','restaurant_avatars',1);
INSERT INTO files_related_morphs VALUES(1,3,'api::restaurant.restaurant','restaurant_avatars',1);
CREATE TABLE IF NOT EXISTS "up_permissions_role_links" (`permission_id` integer NULL, `role_id` integer NULL, CONSTRAINT `up_permissions_role_links_fk` FOREIGN KEY (`permission_id`) REFERENCES `up_permissions` (`id`) ON DELETE CASCADE, CONSTRAINT `up_permissions_role_links_inv_fk` FOREIGN KEY (`role_id`) REFERENCES `up_roles` (`id`) ON DELETE CASCADE, CONSTRAINT `up_permissions_role_links_fk` FOREIGN KEY (`permission_id`) REFERENCES `up_permissions` (`id`) ON DELETE CASCADE, CONSTRAINT `up_permissions_role_links_inv_fk` FOREIGN KEY (`role_id`) REFERENCES `up_roles` (`id`) ON DELETE CASCADE);
INSERT INTO up_permissions_role_links VALUES(1,1);
INSERT INTO up_permissions_role_links VALUES(2,1);
INSERT INTO up_permissions_role_links VALUES(5,2);
INSERT INTO up_permissions_role_links VALUES(6,2);
INSERT INTO up_permissions_role_links VALUES(9,2);
INSERT INTO up_permissions_role_links VALUES(11,2);
CREATE TABLE IF NOT EXISTS "up_users_role_links" (`user_id` integer NULL, `role_id` integer NULL, CONSTRAINT `up_users_role_links_fk` FOREIGN KEY (`user_id`) REFERENCES `up_users` (`id`) ON DELETE CASCADE, CONSTRAINT `up_users_role_links_inv_fk` FOREIGN KEY (`role_id`) REFERENCES `up_roles` (`id`) ON DELETE CASCADE, CONSTRAINT `up_users_role_links_fk` FOREIGN KEY (`user_id`) REFERENCES `up_users` (`id`) ON DELETE CASCADE, CONSTRAINT `up_users_role_links_inv_fk` FOREIGN KEY (`role_id`) REFERENCES `up_roles` (`id`) ON DELETE CASCADE);
CREATE TABLE IF NOT EXISTS "restaurants_meny_service_class_links" (`restaurant_id` integer NULL, `meny_service_class_id` integer NULL, CONSTRAINT `restaurants_meny_service_class_links_fk` FOREIGN KEY (`restaurant_id`) REFERENCES `restaurants` (`id`) ON DELETE CASCADE, CONSTRAINT `restaurants_meny_service_class_links_inv_fk` FOREIGN KEY (`meny_service_class_id`) REFERENCES `meny_service_classes` (`id`) ON DELETE CASCADE, CONSTRAINT `restaurants_meny_service_class_links_fk` FOREIGN KEY (`restaurant_id`) REFERENCES `restaurants` (`id`) ON DELETE CASCADE, CONSTRAINT `restaurants_meny_service_class_links_inv_fk` FOREIGN KEY (`meny_service_class_id`) REFERENCES `meny_service_classes` (`id`) ON DELETE CASCADE);
INSERT INTO restaurants_meny_service_class_links VALUES(4,2);
INSERT INTO restaurants_meny_service_class_links VALUES(3,1);
CREATE TABLE IF NOT EXISTS "restaurants_cms_advertisements_links" (`restaurant_id` integer NULL, `cms_advertisement_id` integer NULL, CONSTRAINT `restaurants_cms_advertisements_links_fk` FOREIGN KEY (`restaurant_id`) REFERENCES `restaurants` (`id`) ON DELETE CASCADE, CONSTRAINT `restaurants_cms_advertisements_links_inv_fk` FOREIGN KEY (`cms_advertisement_id`) REFERENCES `cms_advertisements` (`id`) ON DELETE CASCADE, CONSTRAINT `restaurants_cms_advertisements_links_fk` FOREIGN KEY (`restaurant_id`) REFERENCES `restaurants` (`id`) ON DELETE CASCADE, CONSTRAINT `restaurants_cms_advertisements_links_inv_fk` FOREIGN KEY (`cms_advertisement_id`) REFERENCES `cms_advertisements` (`id`) ON DELETE CASCADE);
CREATE TABLE IF NOT EXISTS "restaurants_restaurant_menu_links" (`restaurant_id` integer NULL, `restaurant_menu_id` integer NULL, CONSTRAINT `restaurants_restaurant_menu_links_fk` FOREIGN KEY (`restaurant_id`) REFERENCES `restaurants` (`id`) ON DELETE CASCADE, CONSTRAINT `restaurants_restaurant_menu_links_inv_fk` FOREIGN KEY (`restaurant_menu_id`) REFERENCES `restaurant_menus` (`id`) ON DELETE CASCADE, CONSTRAINT `restaurants_restaurant_menu_links_fk` FOREIGN KEY (`restaurant_id`) REFERENCES `restaurants` (`id`) ON DELETE CASCADE, CONSTRAINT `restaurants_restaurant_menu_links_inv_fk` FOREIGN KEY (`restaurant_menu_id`) REFERENCES `restaurant_menus` (`id`) ON DELETE CASCADE);
INSERT INTO restaurants_restaurant_menu_links VALUES(4,2);
INSERT INTO restaurants_restaurant_menu_links VALUES(3,1);
CREATE TABLE IF NOT EXISTS "restaurant_food_categories_restaurant_foods_links" (`restaurant_food_category_id` integer NULL, `restaurant_food_id` integer NULL, CONSTRAINT `restaurant_food_categories_restaurant_foods_links_fk` FOREIGN KEY (`restaurant_food_category_id`) REFERENCES `restaurant_food_categories` (`id`) ON DELETE CASCADE, CONSTRAINT `restaurant_food_categories_restaurant_foods_links_inv_fk` FOREIGN KEY (`restaurant_food_id`) REFERENCES `restaurant_foods` (`id`) ON DELETE CASCADE, CONSTRAINT `restaurant_food_categories_restaurant_foods_links_fk` FOREIGN KEY (`restaurant_food_category_id`) REFERENCES `restaurant_food_categories` (`id`) ON DELETE CASCADE, CONSTRAINT `restaurant_food_categories_restaurant_foods_links_inv_fk` FOREIGN KEY (`restaurant_food_id`) REFERENCES `restaurant_foods` (`id`) ON DELETE CASCADE);
INSERT INTO restaurant_food_categories_restaurant_foods_links VALUES(1,1);
INSERT INTO restaurant_food_categories_restaurant_foods_links VALUES(2,2);
CREATE TABLE IF NOT EXISTS "restaurant_food_categories_restaurant_menus_links" (`restaurant_food_category_id` integer NULL, `restaurant_menu_id` integer NULL, CONSTRAINT `restaurant_food_categories_restaurant_menus_links_fk` FOREIGN KEY (`restaurant_food_category_id`) REFERENCES `restaurant_food_categories` (`id`) ON DELETE CASCADE, CONSTRAINT `restaurant_food_categories_restaurant_menus_links_inv_fk` FOREIGN KEY (`restaurant_menu_id`) REFERENCES `restaurant_menus` (`id`) ON DELETE CASCADE, CONSTRAINT `restaurant_food_categories_restaurant_menus_links_fk` FOREIGN KEY (`restaurant_food_category_id`) REFERENCES `restaurant_food_categories` (`id`) ON DELETE CASCADE, CONSTRAINT `restaurant_food_categories_restaurant_menus_links_inv_fk` FOREIGN KEY (`restaurant_menu_id`) REFERENCES `restaurant_menus` (`id`) ON DELETE CASCADE);
INSERT INTO restaurant_food_categories_restaurant_menus_links VALUES(1,1);
INSERT INTO restaurant_food_categories_restaurant_menus_links VALUES(2,1);
CREATE TABLE IF NOT EXISTS "restaurant_users_restaurant_links" (`restaurant_user_id` integer NULL, `restaurant_id` integer NULL, CONSTRAINT `restaurant_users_restaurant_links_fk` FOREIGN KEY (`restaurant_user_id`) REFERENCES `restaurant_users` (`id`) ON DELETE CASCADE, CONSTRAINT `restaurant_users_restaurant_links_inv_fk` FOREIGN KEY (`restaurant_id`) REFERENCES `restaurants` (`id`) ON DELETE CASCADE, CONSTRAINT `restaurant_users_restaurant_links_fk` FOREIGN KEY (`restaurant_user_id`) REFERENCES `restaurant_users` (`id`) ON DELETE CASCADE, CONSTRAINT `restaurant_users_restaurant_links_inv_fk` FOREIGN KEY (`restaurant_id`) REFERENCES `restaurants` (`id`) ON DELETE CASCADE);
INSERT INTO restaurant_users_restaurant_links VALUES(2,4);
INSERT INTO restaurant_users_restaurant_links VALUES(1,3);
CREATE TABLE IF NOT EXISTS "restaurant_food_categories" (`id` integer PRIMARY KEY AUTOINCREMENT NOT NULL, `name` varchar(255) NULL, `description` text NULL, `created_at` datetime NULL, `updated_at` datetime NULL, `published_at` datetime NULL, `created_by_id` integer NULL, `updated_by_id` integer NULL, `position` integer null, CONSTRAINT `restaurant_food_categories_created_by_id_fk` FOREIGN KEY (`created_by_id`) REFERENCES `admin_users` (`id`) ON DELETE SET NULL, CONSTRAINT `restaurant_food_categories_updated_by_id_fk` FOREIGN KEY (`updated_by_id`) REFERENCES `admin_users` (`id`) ON DELETE SET NULL, CONSTRAINT `restaurant_food_categories_created_by_id_fk` FOREIGN KEY (`created_by_id`) REFERENCES `admin_users` (`id`) ON DELETE SET NULL, CONSTRAINT `restaurant_food_categories_updated_by_id_fk` FOREIGN KEY (`updated_by_id`) REFERENCES `admin_users` (`id`) ON DELETE SET NULL);
INSERT INTO restaurant_food_categories VALUES(1,'food_category_1','food_category_1',1648747348887,1648747351380,1648747351377,1,1,NULL);
INSERT INTO restaurant_food_categories VALUES(2,'food_category_2','food_category_2',1648747356781,1648747357999,1648747357997,1,1,NULL);
CREATE TABLE IF NOT EXISTS "restaurant_foods_restaurant_food_tags_links" (`restaurant_food_id` integer NULL, `restaurant_food_tag_id` integer NULL, CONSTRAINT `restaurant_foods_restaurant_food_tags_links_fk` FOREIGN KEY (`restaurant_food_id`) REFERENCES `restaurant_foods` (`id`) ON DELETE CASCADE, CONSTRAINT `restaurant_foods_restaurant_food_tags_links_inv_fk` FOREIGN KEY (`restaurant_food_tag_id`) REFERENCES `restaurant_food_tags` (`id`) ON DELETE CASCADE, CONSTRAINT `restaurant_foods_restaurant_food_tags_links_fk` FOREIGN KEY (`restaurant_food_id`) REFERENCES `restaurant_foods` (`id`) ON DELETE CASCADE, CONSTRAINT `restaurant_foods_restaurant_food_tags_links_inv_fk` FOREIGN KEY (`restaurant_food_tag_id`) REFERENCES `restaurant_food_tags` (`id`) ON DELETE CASCADE);
CREATE TABLE IF NOT EXISTS "restaurant_food_tags_restaurant_foods_links" (`restaurant_food_tag_id` integer NULL, `restaurant_food_id` integer NULL, CONSTRAINT `restaurant_food_tags_restaurant_foods_links_fk` FOREIGN KEY (`restaurant_food_tag_id`) REFERENCES `restaurant_food_tags` (`id`) ON DELETE CASCADE, CONSTRAINT `restaurant_food_tags_restaurant_foods_links_inv_fk` FOREIGN KEY (`restaurant_food_id`) REFERENCES `restaurant_foods` (`id`) ON DELETE CASCADE, CONSTRAINT `restaurant_food_tags_restaurant_foods_links_fk` FOREIGN KEY (`restaurant_food_tag_id`) REFERENCES `restaurant_food_tags` (`id`) ON DELETE CASCADE, CONSTRAINT `restaurant_food_tags_restaurant_foods_links_inv_fk` FOREIGN KEY (`restaurant_food_id`) REFERENCES `restaurant_foods` (`id`) ON DELETE CASCADE);
INSERT INTO restaurant_food_tags_restaurant_foods_links VALUES(1,1);
INSERT INTO restaurant_food_tags_restaurant_foods_links VALUES(3,1);
INSERT INTO restaurant_food_tags_restaurant_foods_links VALUES(2,2);
INSERT INTO restaurant_food_tags_restaurant_foods_links VALUES(1,2);
CREATE TABLE IF NOT EXISTS "restaurants" (`id` integer PRIMARY KEY AUTOINCREMENT NOT NULL, `name` varchar(255) NULL, `advertisement_config_disabled` boolean NULL, `created_at` datetime NULL, `updated_at` datetime NULL, `created_by_id` integer NULL, `updated_by_id` integer NULL, `address` text NULL, `blocked` boolean NULL, `confirmed` boolean NULL, `reset_password_token` varchar(255) NULL, `confirmation_token` varchar(255) NULL, `json` json null, `remarks` text null, CONSTRAINT `restaurants_created_by_id_fk` FOREIGN KEY (`created_by_id`) REFERENCES `admin_users` (`id`) ON DELETE SET NULL, CONSTRAINT `restaurants_updated_by_id_fk` FOREIGN KEY (`updated_by_id`) REFERENCES `admin_users` (`id`) ON DELETE SET NULL, CONSTRAINT `restaurants_created_by_id_fk` FOREIGN KEY (`created_by_id`) REFERENCES `admin_users` (`id`) ON DELETE SET NULL, CONSTRAINT `restaurants_updated_by_id_fk` FOREIGN KEY (`updated_by_id`) REFERENCES `admin_users` (`id`) ON DELETE SET NULL);
INSERT INTO restaurants VALUES(3,' client1-restaurant',0,1648748577303,1648749289252,1,1,' client1 restaurant address',0,1,NULL,NULL,NULL,NULL);
INSERT INTO restaurants VALUES(4,'client2-restaurant',1,1648748896278,1648748967718,1,1,'client2-restaurant-address',0,1,NULL,NULL,NULL,NULL);
CREATE TABLE IF NOT EXISTS "restaurant_users" (`id` integer PRIMARY KEY AUTOINCREMENT NOT NULL, `login` varchar(255) NULL, `password` varchar(255) NULL, `created_at` datetime NULL, `updated_at` datetime NULL, `created_by_id` integer NULL, `updated_by_id` integer NULL, `confirmed` boolean NULL, `blocked` boolean NULL, `json` json NULL, CONSTRAINT `restaurant_users_created_by_id_fk` FOREIGN KEY (`created_by_id`) REFERENCES `admin_users` (`id`) ON DELETE SET NULL, CONSTRAINT `restaurant_users_updated_by_id_fk` FOREIGN KEY (`updated_by_id`) REFERENCES `admin_users` (`id`) ON DELETE SET NULL, CONSTRAINT `restaurant_users_created_by_id_fk` FOREIGN KEY (`created_by_id`) REFERENCES `admin_users` (`id`) ON DELETE SET NULL, CONSTRAINT `restaurant_users_updated_by_id_fk` FOREIGN KEY (`updated_by_id`) REFERENCES `admin_users` (`id`) ON DELETE SET NULL);
INSERT INTO restaurant_users VALUES(1,'client1@gmail.com','$2a$10$My5M9xAwhIOhHgK.8FbXZu5Kb6pJ/2qRbNu8rAlliKe6KbflM6fP2',1648748709140,1648748709140,1,1,1,0,'{}');
INSERT INTO restaurant_users VALUES(2,'client2@gmail.com','$2a$10$SZUxQUmbVt2cSxqNBorY7ePF2oEo09.10CTVugoYqltIU4zA2Te1q',1648748725630,1648748725630,1,1,1,0,'{}');
DELETE FROM sqlite_sequence;
INSERT INTO sqlite_sequence VALUES('admin_permissions',250);
INSERT INTO sqlite_sequence VALUES('admin_users',1);
INSERT INTO sqlite_sequence VALUES('admin_roles',3);
INSERT INTO sqlite_sequence VALUES('strapi_api_tokens',0);
INSERT INTO sqlite_sequence VALUES('files',2);
INSERT INTO sqlite_sequence VALUES('i18n_locale',1);
INSERT INTO sqlite_sequence VALUES('up_permissions',11);
INSERT INTO sqlite_sequence VALUES('up_roles',2);
INSERT INTO sqlite_sequence VALUES('up_users',0);
INSERT INTO sqlite_sequence VALUES('advertisement_positions',0);
INSERT INTO sqlite_sequence VALUES('cms_advertisements',0);
INSERT INTO sqlite_sequence VALUES('hello_tables',1);
INSERT INTO sqlite_sequence VALUES('meny_service_classes',3);
INSERT INTO sqlite_sequence VALUES('restaurant_foods',2);
INSERT INTO sqlite_sequence VALUES('restaurant_food_tags',3);
INSERT INTO sqlite_sequence VALUES('restaurant_menus',2);
INSERT INTO sqlite_sequence VALUES('restaurant_open_statuses',0);
INSERT INTO sqlite_sequence VALUES('restaurant_orders',0);
INSERT INTO sqlite_sequence VALUES('strapi_database_schema',12);
INSERT INTO sqlite_sequence VALUES('strapi_core_store_settings',28);
INSERT INTO sqlite_sequence VALUES('restaurant_food_categories',2);
INSERT INTO sqlite_sequence VALUES('restaurants',4);
INSERT INTO sqlite_sequence VALUES('restaurant_users',2);
CREATE INDEX `admin_permissions_created_by_id_fk` on `admin_permissions` (`created_by_id`);
CREATE INDEX `admin_permissions_updated_by_id_fk` on `admin_permissions` (`updated_by_id`);
CREATE INDEX `admin_users_created_by_id_fk` on `admin_users` (`created_by_id`);
CREATE INDEX `admin_users_updated_by_id_fk` on `admin_users` (`updated_by_id`);
CREATE INDEX `admin_roles_created_by_id_fk` on `admin_roles` (`created_by_id`);
CREATE INDEX `admin_roles_updated_by_id_fk` on `admin_roles` (`updated_by_id`);
CREATE INDEX `strapi_api_tokens_created_by_id_fk` on `strapi_api_tokens` (`created_by_id`);
CREATE INDEX `strapi_api_tokens_updated_by_id_fk` on `strapi_api_tokens` (`updated_by_id`);
CREATE INDEX `files_created_by_id_fk` on `files` (`created_by_id`);
CREATE INDEX `files_updated_by_id_fk` on `files` (`updated_by_id`);
CREATE INDEX `i18n_locale_created_by_id_fk` on `i18n_locale` (`created_by_id`);
CREATE INDEX `i18n_locale_updated_by_id_fk` on `i18n_locale` (`updated_by_id`);
CREATE INDEX `up_permissions_created_by_id_fk` on `up_permissions` (`created_by_id`);
CREATE INDEX `up_permissions_updated_by_id_fk` on `up_permissions` (`updated_by_id`);
CREATE INDEX `up_roles_created_by_id_fk` on `up_roles` (`created_by_id`);
CREATE INDEX `up_roles_updated_by_id_fk` on `up_roles` (`updated_by_id`);
CREATE INDEX `up_users_created_by_id_fk` on `up_users` (`created_by_id`);
CREATE INDEX `up_users_updated_by_id_fk` on `up_users` (`updated_by_id`);
CREATE INDEX `advertisement_positions_created_by_id_fk` on `advertisement_positions` (`created_by_id`);
CREATE INDEX `advertisement_positions_updated_by_id_fk` on `advertisement_positions` (`updated_by_id`);
CREATE INDEX `cms_advertisements_created_by_id_fk` on `cms_advertisements` (`created_by_id`);
CREATE INDEX `cms_advertisements_updated_by_id_fk` on `cms_advertisements` (`updated_by_id`);
CREATE INDEX `hello_tables_created_by_id_fk` on `hello_tables` (`created_by_id`);
CREATE INDEX `hello_tables_updated_by_id_fk` on `hello_tables` (`updated_by_id`);
CREATE INDEX `meny_service_classes_created_by_id_fk` on `meny_service_classes` (`created_by_id`);
CREATE INDEX `meny_service_classes_updated_by_id_fk` on `meny_service_classes` (`updated_by_id`);
CREATE INDEX `restaurant_foods_created_by_id_fk` on `restaurant_foods` (`created_by_id`);
CREATE INDEX `restaurant_foods_updated_by_id_fk` on `restaurant_foods` (`updated_by_id`);
CREATE INDEX `restaurant_food_tags_created_by_id_fk` on `restaurant_food_tags` (`created_by_id`);
CREATE INDEX `restaurant_food_tags_updated_by_id_fk` on `restaurant_food_tags` (`updated_by_id`);
CREATE INDEX `restaurant_menus_created_by_id_fk` on `restaurant_menus` (`created_by_id`);
CREATE INDEX `restaurant_menus_updated_by_id_fk` on `restaurant_menus` (`updated_by_id`);
CREATE INDEX `restaurant_open_statuses_created_by_id_fk` on `restaurant_open_statuses` (`created_by_id`);
CREATE INDEX `restaurant_open_statuses_updated_by_id_fk` on `restaurant_open_statuses` (`updated_by_id`);
CREATE INDEX `restaurant_orders_created_by_id_fk` on `restaurant_orders` (`created_by_id`);
CREATE INDEX `restaurant_orders_updated_by_id_fk` on `restaurant_orders` (`updated_by_id`);
CREATE INDEX `admin_permissions_role_links_fk` on `admin_permissions_role_links` (`permission_id`);
CREATE INDEX `admin_permissions_role_links_inv_fk` on `admin_permissions_role_links` (`role_id`);
CREATE INDEX `admin_users_roles_links_fk` on `admin_users_roles_links` (`user_id`);
CREATE INDEX `admin_users_roles_links_inv_fk` on `admin_users_roles_links` (`role_id`);
CREATE INDEX `files_related_morphs_fk` on `files_related_morphs` (`file_id`);
CREATE INDEX `up_permissions_role_links_fk` on `up_permissions_role_links` (`permission_id`);
CREATE INDEX `up_permissions_role_links_inv_fk` on `up_permissions_role_links` (`role_id`);
CREATE INDEX `up_users_role_links_fk` on `up_users_role_links` (`user_id`);
CREATE INDEX `up_users_role_links_inv_fk` on `up_users_role_links` (`role_id`);
CREATE INDEX `restaurants_meny_service_class_links_fk` on `restaurants_meny_service_class_links` (`restaurant_id`);
CREATE INDEX `restaurants_meny_service_class_links_inv_fk` on `restaurants_meny_service_class_links` (`meny_service_class_id`);
CREATE INDEX `restaurants_cms_advertisements_links_fk` on `restaurants_cms_advertisements_links` (`restaurant_id`);
CREATE INDEX `restaurants_cms_advertisements_links_inv_fk` on `restaurants_cms_advertisements_links` (`cms_advertisement_id`);
CREATE INDEX `restaurants_restaurant_menu_links_fk` on `restaurants_restaurant_menu_links` (`restaurant_id`);
CREATE INDEX `restaurants_restaurant_menu_links_inv_fk` on `restaurants_restaurant_menu_links` (`restaurant_menu_id`);
CREATE INDEX `restaurant_food_categories_restaurant_foods_links_fk` on `restaurant_food_categories_restaurant_foods_links` (`restaurant_food_category_id`);
CREATE INDEX `restaurant_food_categories_restaurant_foods_links_inv_fk` on `restaurant_food_categories_restaurant_foods_links` (`restaurant_food_id`);
CREATE INDEX `restaurant_food_categories_restaurant_menus_links_fk` on `restaurant_food_categories_restaurant_menus_links` (`restaurant_food_category_id`);
CREATE INDEX `restaurant_food_categories_restaurant_menus_links_inv_fk` on `restaurant_food_categories_restaurant_menus_links` (`restaurant_menu_id`);
CREATE INDEX `restaurant_users_restaurant_links_fk` on `restaurant_users_restaurant_links` (`restaurant_user_id`);
CREATE INDEX `restaurant_users_restaurant_links_inv_fk` on `restaurant_users_restaurant_links` (`restaurant_id`);
CREATE INDEX `restaurant_food_categories_created_by_id_fk` on `restaurant_food_categories` (`created_by_id`);
CREATE INDEX `restaurant_food_categories_updated_by_id_fk` on `restaurant_food_categories` (`updated_by_id`);
CREATE INDEX `restaurant_foods_restaurant_food_tags_links_fk` on `restaurant_foods_restaurant_food_tags_links` (`restaurant_food_id`);
CREATE INDEX `restaurant_foods_restaurant_food_tags_links_inv_fk` on `restaurant_foods_restaurant_food_tags_links` (`restaurant_food_tag_id`);
CREATE INDEX `restaurant_food_tags_restaurant_foods_links_fk` on `restaurant_food_tags_restaurant_foods_links` (`restaurant_food_tag_id`);
CREATE INDEX `restaurant_food_tags_restaurant_foods_links_inv_fk` on `restaurant_food_tags_restaurant_foods_links` (`restaurant_food_id`);
CREATE INDEX `restaurants_created_by_id_fk` on `restaurants` (`created_by_id`);
CREATE INDEX `restaurants_updated_by_id_fk` on `restaurants` (`updated_by_id`);
CREATE INDEX `restaurant_users_created_by_id_fk` on `restaurant_users` (`created_by_id`);
CREATE INDEX `restaurant_users_updated_by_id_fk` on `restaurant_users` (`updated_by_id`);
COMMIT;
